experiment,case,model_standard,output,rmse_standard,mae_standard,maximum_absolute_error_standard,monotonicity_violation_rate_standard,force_proportionality_error_standard,near_resonance_rmse_standard,resonance_location_error_standard,resonance_amplitude_relative_error_standard,model_physics,rmse_physics,mae_physics,maximum_absolute_error_physics,monotonicity_violation_rate_physics,force_proportionality_error_physics,near_resonance_rmse_physics,resonance_location_error_physics,resonance_amplitude_relative_error_physics,rmse_reduction_percent,better_rmse_model
force_sweep,frequency_ratio_0.60,standard_NN,f1,0.11122714927544548,0.10022487135730594,0.20550614774223153,,,,,,physics_guided_NN,0.07000340893927,0.052458302179972334,0.1614882332086962,,,,,,37.06266015511021,physics_guided_NN
force_sweep,frequency_ratio_0.60,standard_NN,f2,0.41546227498264965,0.37762678035109876,0.7306549620626761,,,,,,physics_guided_NN,0.35111554602507206,0.2508883794148763,0.8428027558328317,,,,,,15.487983586539793,physics_guided_NN
force_sweep,frequency_ratio_0.60,standard_NN,f3,1.0241581337804364,0.9460074129504117,1.5919926923509848,,,,,,physics_guided_NN,0.9251982693181003,0.6853354554970584,2.1025530534986245,,,,,,9.662557099170735,physics_guided_NN
force_sweep,frequency_ratio_0.60,standard_NN,f4,1.5295154396853083,1.1904707476300567,3.8123903560632044,,,,,,physics_guided_NN,1.55528404757236,1.2869637845356408,3.258425683975858,,,,,,-1.6847563102961147,standard_NN
force_sweep,frequency_ratio_0.60,standard_NN,peak_displacement,0.00088154914604947,0.0008455013519195081,0.0013876605857853727,0.0,1.4453909727706675,,,,physics_guided_NN,0.0002647238834580662,0.00017797988957029745,0.0006365151076003256,0.10344827586206896,0.12833395514500542,,,,69.9706040616809,physics_guided_NN
force_sweep,frequency_ratio_0.60,standard_NN,rms_displacement,0.0005532955933131026,0.000515655058345251,0.000814909182198032,0.0,1.4006061987267218,,,,physics_guided_NN,0.00010386744467598265,8.178229823804712e-05,0.00020459686598829944,0.0,0.23136759844987315,,,,81.22749468253843,physics_guided_NN
force_sweep,frequency_ratio_0.90,standard_NN,f1,0.1082215324580103,0.09908386361601362,0.1665527206659716,,,,,,physics_guided_NN,0.0459703236590906,0.03981831820806932,0.09031361162666496,,,,,,57.52201746271984,physics_guided_NN
force_sweep,frequency_ratio_0.90,standard_NN,f2,0.5334138308681498,0.49080304622660786,0.7558219361306833,,,,,,physics_guided_NN,0.27038966226741373,0.23312473106388534,0.6202380585672067,,,,,,49.30958917444172,physics_guided_NN
force_sweep,frequency_ratio_0.90,standard_NN,f3,1.0799047154675563,0.9873154980741096,1.5989824968579995,,,,,,physics_guided_NN,0.6595096065204029,0.5546839830081619,1.5645357805494058,,,,,,38.9289076087735,physics_guided_NN
force_sweep,frequency_ratio_0.90,standard_NN,f4,1.40636710048058,1.2539019769035775,2.1008196163171107,,,,,,physics_guided_NN,0.9770739307897022,0.8292885328931608,2.000246973038358,,,,,,30.524972430326404,physics_guided_NN
force_sweep,frequency_ratio_0.90,standard_NN,peak_displacement,0.0029345435427715677,0.002882648915044475,0.0035960310043568543,0.13793103448275862,1.6871357492844394,,,,physics_guided_NN,0.0003166783735823484,0.00028348525116047186,0.0005480192618708016,0.0,0.2957638920483609,,,,89.20859857873305,physics_guided_NN
force_sweep,frequency_ratio_0.90,standard_NN,rms_displacement,0.0014894360854523572,0.001446413502640672,0.0019353787236177464,0.1724137931034483,1.6907805862735832,,,,physics_guided_NN,0.0002529089097180097,0.00022415577907452716,0.00040398844829661173,0.0,0.4596136363196309,,,,83.01982124723408,physics_guided_NN
force_sweep,frequency_ratio_1.00,standard_NN,f1,0.1156812006181024,0.10372383884591271,0.18172806322578605,,,,,,physics_guided_NN,0.06021811446747796,0.044576183478048155,0.12268084108833488,,,,,,47.94477050227406,physics_guided_NN
force_sweep,frequency_ratio_1.00,standard_NN,f2,0.5760236720801356,0.5127171468735805,0.8714015412332223,,,,,,physics_guided_NN,0.14864109592563932,0.1221947987874349,0.2887561249734567,,,,,,74.19531468405337,physics_guided_NN
force_sweep,frequency_ratio_1.00,standard_NN,f3,1.1631525224939268,1.0264586153429898,1.8865191179517495,,,,,,physics_guided_NN,0.3243242041570203,0.2899005874791309,0.5425656598802817,,,,,,72.11679484117582,physics_guided_NN
force_sweep,frequency_ratio_1.00,standard_NN,f4,1.420222210282702,1.2786834564212388,2.338564844132108,,,,,,physics_guided_NN,0.8004327982569553,0.6114329522453744,1.4976072025305456,,,,,,43.64031258899793,physics_guided_NN
force_sweep,frequency_ratio_1.00,standard_NN,peak_displacement,0.005538387150144511,0.0043504495094681215,0.011010327010840381,0.1724137931034483,0.5162179087416187,,,,physics_guided_NN,0.0017027516572013324,0.0013116358981413454,0.0031527986403131203,0.0,0.25432684628389784,,,,69.2554599192853,physics_guided_NN
force_sweep,frequency_ratio_1.00,standard_NN,rms_displacement,0.003016799403580467,0.0023470351191544115,0.0060441266218595555,0.20689655172413793,0.5292323262348454,,,,physics_guided_NN,0.0011234313532292276,0.0007976265086566167,0.002159999990519563,0.0,0.34867431047003805,,,,62.760820229018506,physics_guided_NN
frequency_sweep,first_mode_resonance,standard_NN,f1,0.1256326206744216,0.11843006249739702,0.1671468597650927,,,0.13909441328621894,0.25,0.02346228970797808,physics_guided_NN,0.08330317197586078,0.07617579489364587,0.1385514122248095,,,0.11347362655173307,0.52,0.019448366410452098,33.69303965110947,physics_guided_NN
frequency_sweep,first_mode_resonance,standard_NN,f2,0.6070848376220278,0.5749446619727291,0.759934179783027,,,0.6997226628540943,0.30000000000000004,0.02666785949512001,physics_guided_NN,0.3021339959572362,0.27598625926422654,0.4504973816873239,,,0.36618066452775355,0.56,0.0158090018811723,50.23199769892039,physics_guided_NN
frequency_sweep,first_mode_resonance,standard_NN,f3,1.248965315725754,1.207311970615276,1.493925734162687,,,1.3923441721547376,0.30000000000000004,0.0233001474979609,physics_guided_NN,0.7143937830712661,0.6416453723700106,1.219572706818937,,,0.6510136990647002,0.30000000000000004,0.019021175754292317,42.80115115477461,physics_guided_NN
frequency_sweep,first_mode_resonance,standard_NN,f4,1.4132868816749122,1.3138769914594308,1.9346723270422643,,,1.586620262800758,0.30000000000000004,0.016973038968121797,physics_guided_NN,1.460941765001497,1.3752330651008153,1.9867810916907018,,,1.7211154390624075,0.56,0.01743019343329718,-3.371918606511664,standard_NN
frequency_sweep,first_mode_resonance,standard_NN,peak_displacement,0.0024016870743527063,0.0018965225825050187,0.005503317091415463,,,0.001948900261783977,0.17000000000000004,0.15244134245875696,physics_guided_NN,0.00040029081822418885,0.00031753459451263667,0.0011768167000374176,,,0.0005484453392968589,0.0,0.04040855320888791,83.33293198356935,physics_guided_NN
frequency_sweep,first_mode_resonance,standard_NN,rms_displacement,0.001318796759612928,0.0010669001770059615,0.002968746344114646,,,0.0011247993359682776,0.17000000000000004,0.15363687509208296,physics_guided_NN,0.00035739630208657256,0.00027777523541235244,0.0008316907303720514,,,0.0005217697524298486,0.0,0.020141316620731525,72.89981951491374,physics_guided_NN
thickness_sweep,constant_frequency_ratio_0.80,standard_NN,f1,0.1185774133535102,0.10339635639342155,0.200659763927173,0.0,,,,,physics_guided_NN,0.09183051288304243,0.0748295517064995,0.20248684876680478,0.0,,,,,22.556488385126332,physics_guided_NN
thickness_sweep,constant_frequency_ratio_0.80,standard_NN,f2,0.4546697944067619,0.38841798048616744,0.7658388806536109,0.0,,,,,physics_guided_NN,0.4059111865685459,0.34166537610627645,0.758902930955891,0.0,,,,,10.723960209812184,physics_guided_NN
thickness_sweep,constant_frequency_ratio_0.80,standard_NN,f3,1.0593995635254905,0.9079819394783911,1.9099174606224167,0.0,,,,,physics_guided_NN,0.9221240353570107,0.7901390351087794,1.6795767449699,0.0,,,,,12.957861499550896,physics_guided_NN
thickness_sweep,constant_frequency_ratio_0.80,standard_NN,f4,2.1085570111412055,1.8947726613605,3.623960471580695,0.0,,,,,physics_guided_NN,1.4986553285281832,1.2267598275774216,2.8509040822220015,0.0,,,,,28.92507432288624,physics_guided_NN
thickness_sweep,constant_frequency_ratio_0.80,standard_NN,peak_displacement,0.003848351644590227,0.002901871189082925,0.00881752979101115,0.0,,,,,physics_guided_NN,0.0006147645354027146,0.00033341936739248005,0.0028439698456893675,0.0,,,,,84.02525049219678,physics_guided_NN
thickness_sweep,constant_frequency_ratio_0.80,standard_NN,rms_displacement,0.001994451291767849,0.0015906771186716415,0.004326004782550349,0.0,,,,,physics_guided_NN,0.00039801320493738343,0.00026400867485791964,0.0012145978374597122,0.0,,,,,80.04397467212192,physics_guided_NN
