L,b,h,E,rho,damping_ratio,force_amplitude,excitation_frequency,observation_point,simulation_time,time_step,number_of_modes,f1,f2,f3,f4,peak_displacement,rms_displacement,frequency_ratio
2.706806146536332,0.0340363691519204,0.0058745411253359,191255355680.87985,7717.437503106674,0.0347862431627102,5.614618308178655,2.9158098558517667,0.65,2.0,0.002,4,1.8099189894116303,7.239675957646522,16.289270904704672,28.95870383058609,0.0470015256187541,0.0209416166791363,1.6110167763915446
2.6588572297654727,0.0678090252995097,0.0084896111294965,201230783623.96213,7842.406328280004,0.0440482529199205,6.070760857653384,2.600101313454515,0.65,2.0,0.002,4,2.758351161500248,11.033404646000992,24.825160453502235,44.13361858400397,0.0391593599356757,0.0202125233532625,0.9426288246926247
2.7151442882451158,0.0477679619356109,0.0107763424415053,205582530849.4844,7706.585327000338,0.011289578492928,4.830985012835083,3.253746699710482,0.65,2.0,0.002,4,3.423551918743047,13.694207674972189,30.811967268687425,54.77683069988876,0.0416736675583426,0.0200741204543218,0.9504008634707929
2.862472471380204,0.0271840153100673,0.0067565534885016,183508360476.43076,7863.145314016211,0.023837373535567,7.765782019804248,2.543730250191356,0.65,2.0,0.002,4,1.8063487899711812,7.225395159884726,16.257139109740635,28.901580639538903,0.104299694339899,0.0493478366643519,1.4082165439554668
2.872254926751488,0.0462742422319251,0.0107497973416611,209187428347.09512,7821.19722610116,0.0471262994077308,7.824984789702983,3.247827318833815,0.65,2.0,0.002,4,3.0557283009188128,12.222913203675253,27.50155470826932,48.89165281470101,0.0432693908292126,0.0237614715373087,1.0628652154241727
2.1765159999384416,0.0611657819063269,0.005184540288329,198172718473.66983,7930.159804478529,0.018291156140484,4.639626009805656,2.471315591820922,0.65,2.0,0.002,4,2.4808285055534465,9.923314022213786,22.32745654998102,39.69325608885514,0.0985140488485558,0.0443862936954511,0.9961654287222075
2.3962415679572744,0.0702788131193229,0.0056022694932059,188071284428.7622,7649.969471722257,0.0277038945586843,7.477362470455561,2.926349677065983,0.65,2.0,0.002,4,2.193630366076126,8.774521464304504,19.742673294685133,35.09808585721802,0.0382368197815474,0.0184547844928859,1.3340213202375177
2.834675345103352,0.0578499344218845,0.0076625987365545,193554225424.3842,7676.64120386508,0.0061170409309357,9.281858539189864,2.1859792449266706,0.65,2.0,0.002,4,2.1712727998390906,8.685091199356362,19.54145519855181,34.74036479742545,0.1927778869172075,0.0848721552306425,1.0067731908623687
2.499967075870537,0.0407895716787829,0.0068580466229633,181637878411.4288,7910.937251011672,0.0270364883817607,9.856847677999768,2.4723451248639723,0.65,2.0,0.002,4,2.3842420841005483,9.536968336402191,21.458178756904932,38.14787334560877,0.2092137761057005,0.0988401404343139,1.0369522211485755
2.3561881217596565,0.0707604536784745,0.0056038060990988,197985307536.90723,7956.995075874931,0.038732837851529,9.91889639332652,2.640564916764631,0.65,2.0,0.002,4,2.283149582945521,9.132598331782084,20.54834624650969,36.53039332712834,0.0776493436644271,0.044240030228036,1.1565448608750388
2.157955049500485,0.0202771279305996,0.0055781299898515,207216752226.79688,7825.067205532773,0.0061939596742733,7.460253616101615,4.846362770901928,0.65,2.0,0.002,4,2.795126642233742,11.180506568934968,25.15613978010368,44.72202627573987,0.0412326208531652,0.0200575569931221,1.7338616067245272
2.793510743181397,0.048533670393976,0.0059049622786133,212888541843.7523,7859.273491866854,0.0401790671408275,4.338881648737845,2.407757268610212,0.65,2.0,0.002,4,1.7857910111321202,7.143164044528481,16.07211910018908,28.572656178113924,0.041101272866943,0.0193769478989121,1.348286139643961
2.815209782780965,0.0681632363173019,0.0089904630893249,190965375747.54437,7701.891340046987,0.0110767143225306,9.44360384422674,2.365880425697972,0.65,2.0,0.002,4,2.5613469639474733,10.245387855789891,23.05212267552726,40.98155142315957,0.0889863865616995,0.0432868700469643,0.923686036682725
2.311745721965681,0.0365018624378151,0.0059742016881491,182197399567.9068,7832.690919183486,0.005977555506684,8.503041920047279,1.1728101935806323,0.65,2.0,0.002,4,2.444807118171444,9.779228472685777,22.003264063542996,39.1169138907431,0.0432333308374569,0.0246180355071106,0.47971481466309607
2.456963733803863,0.022590513503413,0.0050728600666591,209179803514.4392,7979.549502859651,0.0390426371477289,4.769237887181348,2.097084357701906,0.65,2.0,0.002,4,1.950991301639846,7.803965206559384,17.558921714758615,31.21586082623753,0.2652438052430529,0.1328213469111404,1.0748814492095715
2.8005561992308188,0.0635420582433521,0.0060293128566328,207673882451.4261,7852.651416868527,0.0390807244732963,8.299158739644424,2.676455949131304,0.65,2.0,0.002,4,1.7926325203906024,7.17053008156241,16.133692683515424,28.68212032624964,0.0422270943265703,0.0207142929757576,1.4930310137116796
2.5629316788048437,0.0426369103436817,0.0051859582087369,200389386395.05777,7802.876047726371,0.0246645179740153,3.46319883620456,1.1786866395347764,0.65,2.0,0.002,4,1.8142378031705204,7.256951212682082,16.328140228534686,29.027804850728327,0.0452559090360627,0.0231358969372223,0.6496869580574998
2.682240129008643,0.0794600148845893,0.0074267368668839,211980504228.7292,7954.969159254694,0.0071993919582894,7.565496545837177,2.0261269157160227,0.65,2.0,0.002,4,2.416354725006266,9.665418900025063,21.747192525056395,38.66167560010025,0.0458247864159012,0.0253215468992505,0.8385055781537907
2.998780073029054,0.0204489797664059,0.007415685242299,206965772035.72537,7623.9963338341395,0.0315405492735136,6.871601025254456,2.4522167064669205,0.65,2.0,0.002,4,1.9482704070306252,7.793081628122501,17.534433663275628,31.17232651249001,0.1430383323815005,0.071935292156381,1.2586634266053263
2.7340112017131952,0.0418806974227277,0.0050654543227207,200289367102.43283,7974.806000350505,0.0165798809237742,4.965980413223115,0.7897008794611236,0.65,2.0,0.002,4,1.5399831250025404,6.159932500010162,13.859848125022864,24.639730000040647,0.0627634768780152,0.0360649313538367,0.5127983980083034
2.3292803818524384,0.022016598151175,0.0091345257662505,183769194577.844,7676.290862929087,0.0337428910803821,6.32191863902869,3.578096219265147,0.65,2.0,0.002,4,3.735359160257211,14.941436641028844,33.6182324423149,59.765746564115375,0.0865204853531879,0.0449827896574664,0.9578988433922817
2.4373793430090487,0.0228418263979572,0.0059282821553836,181020062558.40796,7839.847559805147,0.0082204025027878,9.340544732764814,4.1016869971386045,0.65,2.0,0.002,4,2.174309751314901,8.697239005259604,19.568787761834116,34.788956021038416,0.0566441234860372,0.029506683038059,1.8864317720408206
2.240063085423341,0.0672072027213505,0.0058595443181078,214011347406.21536,7944.307077981842,0.020402108342961,6.624140253106189,2.541355782555102,0.65,2.0,0.002,4,2.748292723613273,10.993170894453094,24.734634512519463,43.972683577812376,0.0750819605801833,0.0381395700974489,0.9247034570662094
2.6752345857109745,0.049063055552087,0.0057308364012909,180659650359.106,7789.39016079773,0.0123970426665999,7.080746865392296,2.8530628919022365,0.65,2.0,0.002,4,1.748647928975831,6.994591715903324,15.737831360782478,27.978366863613296,0.0463150992631472,0.0220562941261348,1.631582232549952
2.611981164771076,0.0252080266010434,0.0056659594536588,219907017894.7929,7947.782849293875,0.0447281376559791,9.517671481305513,1.9590342013325055,0.65,2.0,0.002,4,1.9808846326462253,7.923538530584901,17.82796169381603,31.694154122339604,0.4315944551800195,0.2115486857049366,0.9889693569460781
2.230271179976843,0.0428846137041741,0.0055836623116132,204010931255.64328,7636.903056374149,0.0294144831971386,7.544310031890255,2.5321005536075014,0.65,2.0,0.002,4,2.630880577262393,10.523522309049572,23.67792519536154,42.094089236198286,0.1691291072936933,0.0818814502652577,0.9624536269306155
2.9763528491143,0.0396151673115334,0.0063258535312624,189947615231.5146,7623.365751821848,0.0405513396123762,5.174273834156944,1.3036720287585597,0.65,2.0,0.002,4,1.6163041893448122,6.465216757379249,14.546737704103313,25.860867029517,0.1190402522041674,0.0664767483641029,0.8065759139602419
2.8578600342527185,0.0352863454458522,0.007136871084264,206532611174.908,7806.343775194448,0.028542558233497,9.253729866983855,2.682437576010312,0.65,2.0,0.002,4,2.0381008840057357,8.152403536022941,18.34290795605161,32.609614144091765,0.0869604218523964,0.0413649751925174,1.3161456319758718
2.7308637112442007,0.0431824361758798,0.0109386901856105,192196453811.39664,7807.480691317846,0.0295182515160257,6.638565338573524,3.217167492152746,0.65,2.0,0.002,4,3.299983352314208,13.199933409256833,29.69985017082788,52.79973363702733,0.0548232523572864,0.0262369170011173,0.974904158197227
1.7441568230320508,0.0243100921840165,0.0083019662034964,198670117036.7576,7996.176871570129,0.049831927832261,9.79825464313045,5.931145590306603,0.65,2.0,0.002,4,6.1682821418494935,24.67312856739797,55.51453927664544,98.6925142695919,0.0386556650791364,0.0234467634020052,0.9615554953405896
2.988557347831682,0.0562849227977354,0.0062651734165746,182611089379.1464,7629.9686785037875,0.0315451736280928,8.114834103041114,1.439923364880244,0.65,2.0,0.002,4,1.5561138160389698,6.224455264155879,14.005024344350728,24.89782105662352,0.2411507352639238,0.1102175251936008,0.9253329351869105
2.596015709769172,0.0647960578433073,0.0052913418208811,190925328504.2669,7787.335097116726,0.0317994970422558,9.200298783753595,1.5444251878546724,0.65,2.0,0.002,4,1.7628598271941862,7.051439308776745,15.865738444747675,28.20575723510698,0.1851225051747289,0.0952347023730421,0.8760907498316641
2.06943343484542,0.0208383631651077,0.0050335280712109,200426425269.5959,7721.982205499678,0.0131140150697829,6.174579983389498,1.6595298416223614,0.65,2.0,0.002,4,2.7152631022824805,10.861052409129922,24.437367920542325,43.44420963651969,0.0734295952926541,0.0368848013605882,0.6111856490913687
2.754854158432777,0.0273208959117702,0.0067139451238019,192012786764.92065,7772.485987250334,0.0184344011938462,7.655552115712913,1.279019114908847,0.65,2.0,0.002,4,1.9938611813543108,7.975444725417243,17.944750632188796,31.901778901668973,0.1005460425362225,0.0508390524637865,0.6414785175967395
2.3324343306107598,0.0719412221212712,0.0071214693203879,194644226488.658,7619.466981936334,0.0063334348689376,9.897619117050263,3.264875627850371,0.65,2.0,0.002,4,3.00011898290723,12.00047593162892,27.001070846165074,48.00190372651568,0.0819801293306317,0.0431947957312466,1.0882487149514923
2.459637842127608,0.0321633052737609,0.0081700968989296,219121709616.2255,7773.844144294882,0.0131816953815697,3.381492431616909,2.975716130038085,0.65,2.0,0.002,4,3.251164306111213,13.004657224444854,29.26047875500092,52.018628897779415,0.0430041175307428,0.0236641386342238,0.9152770668786662
2.3635994273963945,0.0229720965240125,0.0069680744107366,205533598552.3865,7683.773134610504,0.0151537093533661,7.813471301901745,2.0905034340033906,0.65,2.0,0.002,4,2.925151929072893,11.700607716291572,26.32636736165604,46.802430865166286,0.0698773687539344,0.0357984503815773,0.7146649079064968
2.874720643157569,0.0374282200657338,0.0111834597453154,210354569610.37143,7737.466926112343,0.021396068210083,9.948749416800812,3.839815612912094,0.65,2.0,0.002,4,3.19956332607247,12.79825330428988,28.796069934652227,51.19301321715952,0.0363415840259084,0.0170799220063733,1.2001061462426335
2.8333901561707,0.0785947994074,0.009494703445281,187007415890.0424,7687.801660379338,0.0264988514908829,8.757605431220465,2.909676105565301,0.65,2.0,0.002,4,2.645003350935238,10.580013403740953,23.80503015841715,42.32005361496381,0.0433979762971134,0.0244041948048709,1.1000651868877513
2.982796097771242,0.0344846039774535,0.0089343674107822,183702357549.53333,7821.607800828284,0.0326011656383765,7.287019571698316,1.7738002819120346,0.65,2.0,0.002,4,2.206760882214055,8.82704352885622,19.860847939926494,35.30817411542488,0.0736947924917286,0.040669813320564,0.80380266670867
2.0747972511386816,0.0467360017820797,0.0050877503401041,202978487741.5663,7899.002355105581,0.0128548572608872,9.32339303274107,3.1370322171013245,0.65,2.0,0.002,4,2.7167057549685176,10.86682301987407,24.45035179471666,43.46729207949628,0.1090848610875271,0.0590738061061043,1.154719170953307
2.858874853355398,0.0418308068615289,0.0065179916889016,186987360196.82565,7973.098430402983,0.0161203679766059,6.656461157929735,0.8425163576027745,0.65,2.0,0.002,4,1.751238633703498,7.004954534813992,15.76114770333148,28.019818139255968,0.0485727424560629,0.0288835815847508,0.4810974023688772
2.526774108286567,0.0238612569029923,0.0060284017409727,215552659320.3865,7920.17992492738,0.0446703439938972,6.540082681114261,1.7434807572920294,0.65,2.0,0.002,4,2.2336122009165944,8.934448803666378,20.10250980824935,35.73779521466551,0.1175592895598032,0.064357462580351,0.7805655594899452
2.511393018848505,0.0406971099092039,0.0074040872027463,206636588024.09973,7800.347491810708,0.0292653750945054,8.291187356131534,2.207668128136342,0.65,2.0,0.002,4,2.739794879962034,10.959179519848137,24.658153919658307,43.83671807939255,0.0571739328573918,0.0298909591464528,0.8057786165973615
2.677274269577291,0.0722651515915818,0.0072752842567473,184671673110.9327,7969.523551833633,0.0128221992110527,3.749355137321752,2.261551666640324,0.65,2.0,0.002,4,2.215529081246114,8.862116324984456,19.93976173121502,35.44846529993782,0.060180722070609,0.0258966915555965,1.0207727290893085
2.187437414013061,0.0215490196526882,0.0055308431354446,209085939846.8776,7684.066064996925,0.034538770564733,7.524229398857509,0.8388146849663083,0.65,2.0,0.002,4,2.734111318888301,10.936445275553204,24.60700186999471,43.74578110221282,0.0436729597997678,0.024685551764048,0.3067960983049414
1.854847899761588,0.0402168638942971,0.0072637963299408,208552368568.106,7949.21236555345,0.0457516692159244,8.819949086574018,4.968458311647912,0.65,2.0,0.002,4,4.903676603113208,19.614706412452836,44.13308942801888,78.45882564981133,0.0451074330547602,0.0245157896956146,1.0132108443883872
2.983540268505408,0.0541062446825431,0.0067254140364554,181817230191.1504,7916.125803897611,0.024063274643083,2.543447617229025,1.3558935772182028,0.65,2.0,0.002,4,1.641896009204116,6.567584036816464,14.777064082837043,26.27033614726585,0.0452212868032776,0.0246420056599265,0.8258096551897045
2.6797485654634783,0.0247126978299474,0.0073989138780264,195239383356.07632,7941.622205119272,0.0115063414307052,8.76683857396299,1.4212309509228978,0.65,2.0,0.002,4,2.316531628159456,9.266126512637824,20.848784653435104,37.064506050551294,0.080691496225497,0.0428928945096948,0.6135167479030288
2.811094096870918,0.0538081697637488,0.0060177317435599,190833017377.876,7883.287592163506,0.0272333582589053,5.530664627934899,2.1642175294615225,0.65,2.0,0.002,4,1.69896481582231,6.79585926328924,15.290683342400792,27.18343705315696,0.0668823166447299,0.0347879305254752,1.273844819684525
1.7630833012557925,0.0216370055758319,0.0054040364811317,202134934868.98755,7994.684791612512,0.0490898090770573,3.4390024256637317,4.236872278998494,0.65,2.0,0.002,4,3.9638925977315576,15.85557039092623,35.67503337958402,63.42228156370492,0.0441065396605431,0.0261468549720428,1.0688665685400145
2.320351628639401,0.0318437846380169,0.0062794486330986,189280998152.28,7984.782874314017,0.048305534078782,3.8809969507915865,2.024987277069479,0.65,2.0,0.002,4,2.574928135634152,10.299712542536607,23.17435322070737,41.19885017014644,0.0376655180488223,0.0201848752059686,0.7864247739755914
2.7738623385963743,0.0546184692246619,0.0067449065042694,180103144419.46344,7798.768612900579,0.0477154459455962,5.768956528970639,1.6643549923032863,0.65,2.0,0.002,4,1.910218337703884,7.640873350815536,17.191965039334956,30.563493403262143,0.0798531886253248,0.0442491799354154,0.8712904485588125
2.955495735286592,0.0614850555817849,0.0057832243262351,183705112349.67896,7635.267242769663,0.0478680016951374,6.872110258054118,1.4279743275510723,0.65,2.0,0.002,4,1.4726078748301343,5.890431499320537,13.25347087347121,23.56172599728215,0.1865797167563869,0.0906129811427723,0.9696908131200843
2.8901587707428043,0.0218366365736141,0.0069941465491106,203551481262.4196,7880.562744819352,0.0162807345279076,5.58530385922435,1.4918051395694352,0.65,2.0,0.002,4,1.9296524585306325,7.718609834122529,17.366872126775693,30.87443933649012,0.143183075743151,0.0775230263612293,0.7730952446770628
2.7524542216790078,0.0361296331333094,0.0060479663896221,203994713793.10315,7642.828229132647,0.0174498828919918,5.121145291179535,1.3380072984332454,0.65,2.0,0.002,4,1.870168858803665,7.48067543521466,16.831519729232987,29.92270174085864,0.0819385471168164,0.0411278833698456,0.7154473202431357
2.52784101362926,0.0625922752662304,0.0099653321724514,205023318981.53757,7678.114991789254,0.0168632473671069,9.479340129634716,3.448588058078513,0.65,2.0,0.002,4,3.654229721327012,14.61691888530805,32.88806749194311,58.4676755412322,0.051691310956815,0.026566094994101,0.9437250312840701
2.878726629745506,0.0293957629712332,0.0069124563644984,196517741209.31625,7650.244467785044,0.0491193010627303,4.300613236097336,2.224686284523248,0.65,2.0,0.002,4,1.917008468277949,7.668033873111796,17.25307621450154,30.672135492447183,0.0878742704569879,0.0508478646153363,1.1604989343222287
2.949558856115305,0.0635682429845845,0.0090036246444645,194858867606.7213,7768.993170731514,0.0386390175864728,9.264402941018886,1.8298702227135024,0.65,2.0,0.002,4,2.35022920879472,9.40091683517888,21.15206287915248,37.60366734071552,0.0393891706975669,0.0208291045188379,0.7785922393722288
2.34729107323243,0.0366629909497522,0.0050361221572544,193779848749.82416,7881.916937045176,0.0226900977354135,2.2698239825669373,2.1274503909800857,0.65,2.0,0.002,4,2.055085973228175,8.2203438929127,18.495773759053574,32.8813755716508,0.0967923034095716,0.0451798347561757,1.0352123554413828
2.743024644155529,0.0473905359072176,0.0061548165879951,210913129461.16745,7864.061767513227,0.0342246997746149,4.326448617182054,1.80355833521144,0.65,2.0,0.002,4,1.9209377907675669,7.683751163070267,17.288440116908102,30.735004652281063,0.1084349119738407,0.0527595580646875,0.9388947127177791
2.9709882515511694,0.030937120939437,0.0069100015925997,209158880240.023,7910.974064006985,0.0352523096453597,7.78433870472326,2.6442761969402864,0.65,2.0,0.002,4,1.8252766845709956,7.301106738283981,16.42749016113896,29.20442695313593,0.0749423490990478,0.0370125780988871,1.4486988297677097
2.571853067667078,0.0617225633398078,0.005799377676835,208931533432.60812,7779.451523384675,0.0121052489871472,3.0217475037975605,2.27066353285732,0.65,2.0,0.002,4,2.060372982212989,8.241491928851955,18.5433568399169,32.96596771540782,0.0583653808590565,0.0286117134115168,1.1020643118793296
2.984539857344658,0.0435792142850563,0.0063379312812116,203244592578.9573,7967.856029050516,0.0404013064487787,8.378561260953642,3.0485416749649104,0.65,2.0,0.002,4,1.6295240503542363,6.518096201416946,14.66571645318813,26.072384805667784,0.0399771345245027,0.019455992884103,1.870817232984195
2.460580535965832,0.0637442432847824,0.0080227936990811,197963725454.4475,7924.469876411655,0.0221688576743289,9.844125661170295,2.572608263948874,0.65,2.0,0.002,4,3.0032218144831826,12.01288725793273,27.028996330348644,48.05154903173092,0.0441524424007152,0.0241605562447041,0.8566161352259584
2.832655631867912,0.0576519115293963,0.005476753732151,200439976582.4644,7634.319579131755,0.0308187808228778,5.138721011376044,0.5536690204691481,0.65,2.0,0.002,4,1.5858857988573962,6.343543195429585,14.272972189716567,25.37417278171834,0.0360333399437392,0.0195843756797889,0.3491228819048996
2.718994710161375,0.0679111309782909,0.0050258696638447,199511765396.70068,7705.846630431691,0.0088804812365462,8.47734082320297,0.3361546401752642,0.65,2.0,0.002,4,1.5685480449592062,6.274192179836825,14.116932404632855,25.0967687193473,0.0425297231493675,0.0267211607510996,0.2143094317420202
2.1897372293588027,0.0327280385253812,0.0077687704373696,205577758159.45068,7684.027658823762,0.0298889340764398,8.364638098524631,3.4264259193469147,0.65,2.0,0.002,4,3.800066014741427,15.200264058965708,34.20059413267285,60.80105623586283,0.0595717328857461,0.0345168229711722,0.9016753672317621
2.5883984413059977,0.0505125685566491,0.0061279935811771,207230083921.91165,7799.740722347387,0.0142213910499915,8.789252493679314,1.5488175482115552,0.65,2.0,0.002,4,2.13782235837306,8.551289433492238,19.240401225357537,34.20515773396895,0.0777769844597884,0.0377539289870764,0.7244837449404574
2.4189727774426526,0.0704273808237491,0.0065792771349593,185034526174.80264,7712.418965754891,0.0055371116918898,9.861907813938576,3.189323036889269,0.65,2.0,0.002,4,2.4973335498373874,9.98933419934955,22.47600194853649,39.9573367973982,0.0443260961939478,0.0213176922419789,1.2770913349147694
2.9242703979670504,0.06232652659112,0.0050191061937633,180931179259.29013,7876.12008138735,0.0235690293895476,8.410762397201436,0.6523871574862559,0.65,2.0,0.002,4,1.2756194281074706,5.102477712429883,11.480574852967235,20.40991084971953,0.1038690930448036,0.0602896859295652,0.5114277370752717
2.387039946409752,0.0200007901133724,0.0058916295992646,207938497635.02225,7921.160059182708,0.0372965706900227,6.663821201280161,3.5392093933029765,0.65,2.0,0.002,4,2.4022509406496577,9.60900376259863,21.62025846584692,38.43601505039452,0.0627787371362929,0.0284696147343265,1.473288794860808
2.646599587720652,0.052443353657595,0.0078991724580483,207185633664.7622,7630.847233396865,0.0148529760107532,7.942359533781512,2.6196128038700306,0.65,2.0,0.002,4,2.664574135593343,10.658296542373373,23.98116722034009,42.63318616949349,0.1272481617750875,0.0573372821519534,0.9831262597941187
2.812936842109752,0.0649658234132342,0.0052873585681737,199215478736.2624,7958.440774614815,0.0245142989651514,9.625242624168648,2.083691925435143,0.65,2.0,0.002,4,1.5159874307616663,6.063949723046665,13.643886876854998,24.25579889218666,0.1049872564413965,0.0499781781786141,1.3744783651591683
2.547380262246845,0.0452650495766725,0.008921558370541,183474608741.1273,7910.662395993618,0.0236874393732966,5.141313561757162,3.1369279859044665,0.65,2.0,0.002,4,3.00236837062415,12.0094734824966,27.02131533561735,48.0378939299864,0.0558845508363003,0.0274096796142395,1.0448178233546817
2.898180982462759,0.0660722519314277,0.0080664587460708,187777994338.56644,7951.908604352288,0.0113862165355006,5.882961025591643,1.8640230402478888,0.65,2.0,0.002,4,2.116156703535064,8.464626814140255,19.04541033181557,33.85850725656102,0.0652502917283535,0.0338935036256506,0.8808530281023219
2.4555232930651085,0.0672744437924603,0.0060773780685798,208342406808.7417,7921.835789449658,0.0480485910270674,5.846657680546112,2.6121840496442963,0.65,2.0,0.002,4,2.343868877931503,9.375475511726012,21.09481990138353,37.50190204690405,0.0478707229333809,0.0276823997371194,1.1144753335986888
2.916814028355922,0.0322262358765453,0.0059378052421866,194120593172.4928,7653.776788411872,0.0106961884311105,4.133761545059571,1.1977521445452748,0.65,2.0,0.002,4,1.59380663818039,6.375226552721561,14.34425974362351,25.50090621088624,0.1190541618014341,0.0673850206569178,0.7515040506499077
2.573172531536731,0.0543633061180407,0.0074784641110718,186907225943.15897,7845.732469944057,0.0237288709850905,6.791009055099943,2.175725083223893,0.65,2.0,0.002,4,2.499770581653084,9.999082326612337,22.49793523487776,39.99632930644934,0.0594846582899364,0.0340945987803782,0.8703699048194647
2.697665879577891,0.0276536018678108,0.0089367512295865,219743595830.90332,7676.083453617701,0.0095513984503855,6.420212488996103,2.7041503720714983,0.65,2.0,0.002,4,2.979345536488894,11.917382145955576,26.81410982840005,47.66952858382231,0.1027089847979875,0.0559513679016878,0.9076323437322049
2.644513298304373,0.0380725454193471,0.0081383100155602,219138134950.2347,7728.059017858999,0.0351980644631394,6.810626302710262,3.1618838973846,0.65,2.0,0.002,4,2.8099315367675217,11.239726147070089,25.289383830907692,44.95890458828035,0.0558526939421978,0.0321406207888955,1.1252530020791738
2.287580676501045,0.0342358889600448,0.0057063416563147,198134212446.97827,7914.881998958509,0.0196310598210363,7.865943339812525,3.4107000608911324,0.65,2.0,0.002,4,2.473954455776407,9.895817823105627,22.265590101987662,39.58327129242251,0.0576116290929184,0.0276231456458074,1.37864302753332
2.7140266716018475,0.041736368411239,0.0071629247168372,212188284000.16788,7623.8600527451,0.0232183777520734,8.21121521826527,3.04961568197778,0.65,2.0,0.002,4,2.3262943217981635,9.305177287192654,20.93664889618347,37.22070914877062,0.0532272487559678,0.0253911774587157,1.3109328658037167
2.9998945149090672,0.0224139421655888,0.0080345756551633,185803137276.7896,7661.773620968281,0.0254411897279884,8.79751191046808,2.0089732995294014,0.65,2.0,0.002,4,1.9936186790810224,7.97447471632409,17.9425681117292,31.89789886529636,0.4257605476788397,0.1893112602863188,1.0077018843219592
2.600257745282406,0.045184314821875,0.0072930075785107,186234671431.10565,7968.722304297119,0.0155167098925217,8.753745509079504,2.6149731318955767,0.65,2.0,0.002,4,2.3644985047447498,9.457994018979,21.28048654270275,37.831976075916,0.1300190520482018,0.0691288593513718,1.10593139587452
2.7202730162424693,0.0587605946226403,0.0062624291103175,212403538439.0436,7833.755416675927,0.0344086546696445,1.884251612676134,1.9732050662524316,0.65,2.0,0.002,4,1.9982184258972249,7.9928737035888995,17.983965833075025,31.9714948143556,0.0389738179560919,0.0177974025472623,0.9874821694562436
2.7611649487485685,0.0329258715851789,0.0050018735980579,190300348484.699,7795.016979670565,0.0419575119485864,6.468579915676174,2.725661103574594,0.65,2.0,0.002,4,1.469902478618893,5.879609914475572,13.22912230757004,23.518439657902288,0.0665429693445751,0.0324074252995222,1.8543142441229163
2.90541351762965,0.0463584462067255,0.0064598846431946,206661859253.17743,7603.809212678194,0.0404151584572533,5.303965858683312,1.9565295442800248,0.65,2.0,0.002,4,1.8090587522250845,7.236235008900337,16.28152877002576,28.94494003560135,0.12657816747043,0.0627941426076313,1.0815179672155788
2.9588374456705555,0.0389577092167718,0.0055241641657509,185712904575.8568,7647.728803764468,0.0258477587242356,7.47204063964021,1.0343503831370693,0.65,2.0,0.002,4,1.409965283559224,5.639861134236896,12.689687552033016,22.559444536947584,0.2181998003965248,0.1210473018722004,0.7335998944073452
2.9511703417530266,0.0480940721394493,0.0066180382760944,208829572385.88815,7984.587281793375,0.0400414821862411,6.279608260252712,2.289892841565216,0.65,2.0,0.002,4,1.7621372684560792,7.048549073824317,15.859235416104712,28.194196295297267,0.0604082119985348,0.0303357724565455,1.2994974242679387
2.9558362284112576,0.0243871602091861,0.0072433402938593,213232457789.58725,7658.045232127904,0.0222483419118063,2.8868426349420284,1.2659957075648447,0.65,2.0,0.002,4,1.983695920341253,7.934783681365012,17.85326328307128,31.739134725460048,0.0396939400346792,0.0202349661746362,0.6382004895927078
2.5466644975953434,0.0263554939370372,0.005975435009805,216603150904.57852,7655.278875215921,0.0226051767803417,6.138119014403715,1.2920964652729574,0.65,2.0,0.002,4,2.222323046961649,8.889292187846598,20.000907422654844,35.55716875138639,0.0661146114947023,0.0346657305884439,0.5814170298235922
2.761863968845497,0.0438299395602036,0.0086564079482596,201465578947.87653,7754.256564714055,0.0405588883897248,9.905411621298974,3.0107301318104014,0.65,2.0,0.002,4,2.622966509275581,10.491866037102325,23.60669858348023,41.9674641484093,0.0645614062918029,0.0364649844318559,1.1478339967985005
2.7811556265479327,0.0255812154214619,0.009311277572528,214631593852.90472,7975.765325208882,0.0241666283616155,2.0071754202252854,2.708793053501913,0.65,2.0,0.002,4,2.8317087707312965,11.326835082925186,25.485378936581668,45.30734033170074,0.0412464509262981,0.0195864411044582,0.9565930937178826
2.9543366941005247,0.0426351204389743,0.0058815199875158,219935453153.55783,7935.30545577555,0.0149670359734347,7.283715872406574,0.323730751673785,0.65,2.0,0.002,4,1.6086614362700702,6.434645745080281,14.47795292643063,25.738582980321123,0.0436260601255871,0.0285119669928595,0.20124231511660073
2.0351656880190814,0.0425829505317894,0.0068445858076712,184234133855.5642,7661.214753462438,0.0142620653023087,7.562485452718172,3.2596364627717613,0.65,2.0,0.002,4,3.674625738673317,14.698502954693266,33.07163164805985,58.794011818773065,0.053796867413424,0.0295144781166282,0.8870662469012741
2.986962510214417,0.0399340490577556,0.0102459873093674,190061166023.99567,7858.407907797711,0.0262884149063058,7.925266477997692,2.874654700008494,0.65,2.0,0.002,4,2.560960822944532,10.243843291778129,23.048647406500788,40.97537316711251,0.0646259154237718,0.0367059532509228,1.122490697340416
2.2273898632900377,0.0441722420746941,0.0054629145734835,188904639817.18024,7910.43236578621,0.0161826835437513,8.19534331603968,2.538615685575301,0.65,2.0,0.002,4,2.439958205034145,9.759832820136582,21.95962384530732,39.03933128054633,0.2337616931934166,0.1044662057857901,1.040434086263283
2.5933555375098014,0.0464887764085009,0.0051976510751413,199470598804.31345,7924.993870905336,0.0243480933875125,7.608437699751924,2.5843646262679854,0.65,2.0,0.002,4,1.7581350506531137,7.032540202612454,15.82321545587802,28.130160810449816,0.0688795207632709,0.0348076226962207,1.4699465921619292
2.6310098189245985,0.0624534912933277,0.0088133143169776,198649476027.79456,7864.281999154464,0.0314511240703236,8.862466310518299,3.0551551415659883,0.65,2.0,0.002,4,2.90160137349155,11.6064054939662,26.114412361423955,46.4256219758648,0.0643182230866209,0.0322949355780003,1.052920352698091
2.980671043000255,0.0747690301334269,0.0055095251318998,201213278704.08057,7626.165210739154,0.0465757215645969,4.471294635581805,1.376792435853606,0.65,2.0,0.002,4,1.444410177022048,5.777640708088192,12.999691593198431,23.11056283235277,0.1094983148280189,0.0524354268788622,0.9531866070704028
1.871555454512986,0.0664105741022621,0.0050103688387061,200041064458.26773,7673.736325425524,0.0341078885624945,6.835651743412401,3.649574312436091,0.65,2.0,0.002,4,3.311690133209241,13.246760532836966,29.80521119888318,52.98704213134786,0.0439182921568043,0.025475870964637,1.1020277156484501
2.788400393435103,0.0641437845140851,0.0064428111145632,196033959042.21716,7602.118351962201,0.0188573173649184,6.72682826687945,1.3784261823417907,0.65,2.0,0.002,4,1.9080630644395329,7.632252257758131,17.172567579955793,30.529009031032523,0.0559191616153853,0.0282291952362624,0.7224217102838183
2.299359952737309,0.0445710597848759,0.0054248102528631,212071066731.7207,7650.282881522577,0.0176354367871867,9.473150975232912,1.82093775307171,0.65,2.0,0.002,4,2.449637621685901,9.798550486743606,22.046738595173117,39.19420194697442,0.0868096856088681,0.0421973840555293,0.7433498477291084
2.2605511507745963,0.0260293270691034,0.0140415223899266,219042281574.30676,7723.23761960229,0.0050513349265701,9.770237604311472,6.271754508487109,0.65,2.0,0.002,4,6.635582491813699,26.5423299672548,59.720242426323296,106.1693198690192,0.0360950832624603,0.0200993462841014,0.9451701514109057
2.871136844064017,0.0562022767866832,0.0054136694096119,209374508204.0424,7652.293747588418,0.0444770367330775,9.488470044818282,2.260916476485224,0.65,2.0,0.002,4,1.5576837407982853,6.230734963193141,14.019153667184568,24.922939852772565,0.0870411403151463,0.0417631186454375,1.4514605354528156
2.9224592852758358,0.0494637665921543,0.0078565058604386,190832829512.94965,7919.233498834865,0.033530291608029,4.699797639811614,1.6317025532354323,0.65,2.0,0.002,4,2.0476075613168385,8.190430245267354,18.428468051851542,32.761720981069416,0.0419810271305154,0.0235044451192562,0.7968824612984271
2.222456299920397,0.0352670037563185,0.007279212882428,207849146957.7459,7947.78791084754,0.0455692508789366,8.4300434655923,3.9473901360342665,0.65,2.0,0.002,4,3.4174187883182845,13.669675153273138,30.756769094864563,54.67870061309255,0.0434781313829982,0.0229374809447539,1.1550794270598546
2.7981858163076314,0.0778585253522442,0.0062341214940623,219893553298.82327,7881.208885987759,0.0316735184386232,4.190354540736287,1.5361292662399335,0.65,2.0,0.002,4,1.907046327857792,7.628185311431166,17.163416950720123,30.512741245724666,0.0361327671558239,0.0203431445402401,0.8055018086348672
2.0200201684885637,0.0634659461181553,0.0073777864281072,211836245923.09476,7833.188784658171,0.0117383235760436,8.695472909360467,4.127414196296807,0.65,2.0,0.002,4,4.263583383394465,17.05433353357786,38.37225045055019,68.21733413431144,0.0647256834856606,0.0303993668819498,0.9680622671464568
2.189895061352139,0.0275593179197407,0.0078748563100933,218268260658.5515,7803.204344008359,0.0136148998727064,7.995990065530684,4.123291318509263,0.65,2.0,0.002,4,3.938075948810738,15.752303795242952,35.44268353929664,63.00921518097181,0.1238705044802605,0.061753091431216,1.047031944560251
2.8919986893912704,0.0224620109451595,0.0080749070437273,184630562560.2386,7908.941514281056,0.0070503286528375,9.036085975212192,0.5013152702388385,0.65,2.0,0.002,4,2.1152573676832973,8.46102947073319,19.03731630914968,33.84411788293276,0.051363959467393,0.0308228699724276,0.23699965682563548
2.602868627510472,0.0367679646574232,0.0050860653545504,180778425571.93292,7991.361044638626,0.0301927071480325,4.941343855408015,2.998831648900523,0.65,2.0,0.002,4,1.6190848775853734,6.476339510341494,14.571763898268362,25.90535804136597,0.0372892666370505,0.0186059254754539,1.8521769243949944
2.346135430804174,0.0370181062592243,0.0071255428108042,183277443928.9409,7855.151598729823,0.0317686917662755,8.600274364281725,2.173943023856591,0.65,2.0,0.002,4,2.8354257265982707,11.341702906393085,25.518831539384436,45.36681162557233,0.0529079305406632,0.0271893933236572,0.7667078010414765
2.8518171602433746,0.0372312267926126,0.0089304833219749,187337432622.09555,7817.77591511268,0.0142410732214361,8.702066226176019,1.8226041847525,0.65,2.0,0.002,4,2.4374265360243017,9.749706144097209,21.93683882421872,38.99882457638883,0.0588611349556486,0.0286205998960964,0.7477575868708473
2.2054792481328924,0.0563273193932116,0.0056715816415601,203757410072.0165,7658.32743761348,0.0219751580663257,9.897870210709064,3.107945184755692,0.65,2.0,0.002,4,2.7272015241368224,10.90880609654729,24.5448137172314,43.63522438618916,0.0884089018645648,0.0491509265975536,1.1396096537968083
2.4897038344618525,0.045462650107422,0.0065280460486446,182123791779.89792,7683.296070791479,0.0375020616302196,3.7991322289948974,2.365460310605904,0.65,2.0,0.002,4,2.325019739163085,9.30007895665234,20.925177652467763,37.20031582660936,0.0757892100095907,0.0365813891906901,1.0173936464975457
2.994115658127723,0.0328050016671816,0.0065014003798911,202480288434.77203,7930.877497469997,0.0077337823938485,4.952031334660906,0.537206352589675,0.65,2.0,0.002,4,1.66161259669226,6.6464503867690405,14.95451337023034,26.58580154707616,0.0445798627730797,0.0240804317865749,0.3233042128225805
2.637891304241406,0.0584817330774148,0.0068809881461658,212410239510.2134,7729.507242017787,0.0367265623188782,6.783803890308876,1.8913899601495816,0.65,2.0,0.002,4,2.35059653341914,9.40238613367656,21.155368800772266,37.60954453470624,0.0459524064168384,0.0252962444285374,0.8046425378660779
2.8444403067243966,0.035696180571777,0.0075259897551897,206591050120.0893,7796.352415184279,0.0071264307114165,7.899292578547249,3.2299848386787047,0.65,2.0,0.002,4,2.171247088586781,8.684988354347125,19.54122379728103,34.7399534173885,0.0439401016382864,0.0220393747051471,1.4876173493367968
2.839830348431972,0.0213158051451997,0.006473846158205,205729138683.60733,7793.897155236198,0.0183595385771193,2.673079891191647,1.13034783857998,0.65,2.0,0.002,4,1.8701541496723308,7.480616598689323,16.831387347050978,29.922466394757294,0.0489463112801202,0.0250917709334481,0.6044142611335156
2.9071602040151707,0.0260158218276008,0.0094431621690333,198516516750.1339,7856.697529756021,0.0366259320319772,7.881561257327273,2.782514817700588,0.65,2.0,0.002,4,2.546754476876116,10.187017907504464,22.920790291885048,40.748071630017854,0.1170995035603675,0.0642263503838882,1.0925728581082772
2.4429668056319898,0.0524124195904895,0.0061726122382197,201743309938.4937,7621.635149150771,0.0081813247699204,4.906115282499394,2.653417986003088,0.65,2.0,0.002,4,2.4128960423994736,9.651584169597896,21.716064381595263,38.60633667839158,0.0867504660468966,0.0448129175148035,1.0996818509281612
2.37253771035544,0.0670361553520075,0.0059881110193412,204398423812.0244,7916.171862405229,0.0101593804000371,9.026358955376809,2.320373317270184,0.65,2.0,0.002,4,2.451173278605219,9.804693114420877,22.06055950744697,39.21877245768351,0.1549682266181138,0.0712397021824571,0.9466378152549607
2.6344970880378487,0.0485264695105859,0.0060696040467378,193738244127.62195,7802.541774500314,0.0110972064581149,5.508745702797623,2.275844090042636,0.65,2.0,0.002,4,1.9759856997994216,7.903942799197687,17.783871298194796,31.61577119679075,0.1033391100389596,0.0567128127031029,1.1517512957070755
2.2359135889334576,0.0380175746848497,0.0077243489213524,188907229555.452,7943.206667643912,0.025904458413275,6.644626432067881,3.8499428787856846,0.65,2.0,0.002,4,3.4167048552873016,13.666819421149206,30.75034369758572,54.667277684596826,0.0409495839954854,0.022333718135023,1.1267999554681913
1.8399763218810437,0.0711306130002631,0.0085751873864286,190031666669.81732,7602.935965442621,0.0119753091013521,9.788924945308873,5.632803985939032,0.65,2.0,0.002,4,5.7420996743741135,22.96839869749645,51.67889706936703,91.87359478998582,0.0406401086522739,0.0191413691929018,0.9809659019116566
2.5646749410538803,0.0373789249658757,0.0058112466898717,202985778519.57663,7613.8052212877565,0.037138539839842,7.39453454583308,2.509647067253225,0.65,2.0,0.002,4,2.068549098504873,8.274196394019492,18.61694188654386,33.09678557607797,0.1074059521714284,0.0579369703794397,1.213240270229589
2.41096567961124,0.0291459147304847,0.0101985591171773,184525822050.59985,7776.298641515436,0.0449278556724384,4.861250072300395,3.9571810854957152,0.65,2.0,0.002,4,3.8755034178268417,15.502013671307369,34.879530760441575,62.00805468522947,0.0376220106117254,0.0197032850933418,1.0210753697940675
2.3375631968897785,0.0203037300079084,0.0060882669567428,204970625458.4713,7677.019829755184,0.0359928313819121,6.403857318587823,0.8213052989570174,0.65,2.0,0.002,4,2.6106322636504173,10.44252905460167,23.49569037285376,41.77011621840668,0.039802617205984,0.0221446146566058,0.3146001489342645
2.2200117996740274,0.0345001158294759,0.0068657195299029,190334312400.19257,7931.165599231762,0.0461300588717081,9.620796576315389,2.3057182042949145,0.65,2.0,0.002,4,3.094530599262942,12.378122397051769,27.85077539336648,49.51248958820708,0.0485800500431841,0.0253335826406716,0.7450946534004519
2.345778461143452,0.0516362843049983,0.0058990905071135,191601374983.83307,7727.92606297829,0.0227755062920335,9.513837762712695,1.3941588323102614,0.65,2.0,0.002,4,2.4205171069970364,9.682068427988144,21.784653962973326,38.72827371195258,0.043532903389129,0.0226182439877735,0.5759756162351173
2.481545509258378,0.079748387940325,0.0056146596313663,189796777386.45737,7839.096299353426,0.0236837503996368,6.411806444811765,2.55414736009511,0.65,2.0,0.002,4,2.0343216301602407,8.137286520640963,18.308894671442168,32.54914608256385,0.0426043886797278,0.0210395943162012,1.2555277996498142
2.6169111345973506,0.0298703000515003,0.006521007486899,205226031987.01456,7890.714331175557,0.007387539769376,2.0895371768584217,2.5699553068569574,0.65,2.0,0.002,4,2.202034233682611,8.808136934730443,19.818308103143497,35.232547738921774,0.044739950702412,0.0248197952752628,1.1670823584604528
2.3955975838570054,0.0294800953182206,0.0073219369187574,203700767018.64444,7617.43752462634,0.0064846682960086,4.371318062576355,2.564409021190023,0.65,2.0,0.002,4,2.991709261032772,11.966837044131088,26.92538334929495,47.86734817652435,0.0558865780080184,0.0302150193402347,0.8571718698042068
2.059083052209909,0.021379218544784,0.0080329547078699,194788503976.17245,7976.488890371578,0.0337319970885521,5.149916871163384,4.581645715464049,0.65,2.0,0.002,4,4.245536929728479,16.982147718913915,38.20983236755632,67.92859087565566,0.0441298882638606,0.0257291741849046,1.0791675567304666
2.779610543619027,0.0654614046837802,0.0062097710899978,194217674857.5497,7884.765417103124,0.0122610563605265,5.08404789744172,1.396353544978708,0.65,2.0,0.002,4,1.8087849306099248,7.235139722439699,16.279064375489323,28.9405588897588,0.0567038892295348,0.0314306003963445,0.7719842869919618
2.7049171999449038,0.0691708157451518,0.0061493849324296,185729136951.1568,7740.018129692195,0.0101601326459792,7.607032737494786,2.06726916382919,0.65,2.0,0.002,4,1.8669041184563684,7.4676164738254736,16.802137066107317,29.87046589530189,0.1432891717733956,0.0704967901410945,1.1073247647760782
2.939180988465236,0.027839428134749,0.0072890018388618,205146535393.41748,7660.771970941128,0.0106723754712394,6.737789793944384,2.600747232741041,0.65,2.0,0.002,4,1.9798873455519888,7.919549382207957,17.818986109967906,31.678197528831827,0.0941693071010605,0.0449022569114365,1.31358344129219
2.8283481062972866,0.0233525989139718,0.0092422851246641,198148967653.1761,7690.468861898448,0.0348692366350833,6.820045088716747,1.5459516675037768,0.65,2.0,0.002,4,2.65926975197112,10.63707900788448,23.93342776774008,42.54831603153792,0.0360685810210394,0.0184688547007171,0.5813444335076865
2.7407984173514075,0.0299894444638017,0.0055990559093735,184220341938.2369,7842.480950680747,0.0239741541705013,2.031008502886112,1.8853285062934964,0.65,2.0,0.002,4,1.6380679921529628,6.552271968611851,14.742611929376666,26.209087874447405,0.08566149716462,0.0463627047620831,1.150946429162291
2.808084928980241,0.0688891331044186,0.010068863724687,212546818687.57745,7646.938108789222,0.0121441830759127,9.92454700638118,2.9660461935861555,0.65,2.0,0.002,4,3.052620079670417,12.210480318681668,27.473580717033755,48.84192127472667,0.0843217201249086,0.037424072808699,0.9716394822071639
2.813531055216855,0.07375512925914,0.0058723782876374,187578799343.1282,7758.315957684757,0.0203490299576806,5.303168063069913,1.1243508187487927,0.65,2.0,0.002,4,1.6540475738506275,6.616190295402511,14.886428164655651,26.464761181610044,0.0461993728288602,0.0243109014885833,0.6797572430950706
2.7568974490013005,0.0220587645873845,0.0089324307754376,184755663611.06445,7639.20406415824,0.047553849131041,8.075136854729342,2.244722001303904,0.65,2.0,0.002,4,2.620791760110819,10.483167040443275,23.587125840997373,41.9326681617731,0.1058352426023578,0.0616392005008407,0.8565052880084555
2.9182228548659355,0.0413586555262736,0.006471761403769,209073759533.1952,7884.687006474158,0.0158465505075661,3.282472324109226,1.6804978312781766,0.65,2.0,0.002,4,1.774485186170806,7.097940744683224,15.970366675537257,28.391762978732896,0.1214475202537995,0.0544675086110782,0.9470340154851073
2.441089890954807,0.0269820642520981,0.0071160575781003,185050608317.8304,7893.087220700129,0.031619339796367,4.556587755751591,2.771959419426765,0.65,2.0,0.002,4,2.621941336911012,10.487765347644046,23.597472032199104,41.951061390576186,0.1072850292975843,0.0537690062030189,1.0572164145718432
2.8137925468424294,0.0225844497613996,0.0066180820286888,199614973405.81415,7781.589300211201,0.0247195886017648,5.41819735257634,2.2442981540376463,0.65,2.0,0.002,4,1.919727802668525,7.6789112106741,17.277550224016725,30.7156448426964,0.1717289571945222,0.0973584349567848,1.169071027110172
2.50887016987078,0.0212126910236023,0.0091209948265084,201522944475.6643,7775.105478205856,0.0329102752555918,3.875342157866714,3.020905804887147,0.65,2.0,0.002,4,3.34521621351573,13.38086485406292,30.10694592164157,53.52345941625168,0.0452616863120516,0.0261799341492346,0.9030524821330631
2.904030813660367,0.0348491364718157,0.0068488417625091,180924247272.7344,7777.698939578155,0.0095367598428159,7.77887003946309,0.5853562750754111,0.65,2.0,0.002,4,1.7760973606585106,7.104389442634043,15.984876245926596,28.41755777053617,0.056279059858329,0.0300482605594985,0.32957442989408126
2.865683067421361,0.0209348036333779,0.0131175315951426,195087104894.0085,7863.740134465381,0.0149221474146105,9.615591115273348,2.872368618859368,0.65,2.0,0.002,4,3.607653037577727,14.430612150310909,32.46887733819954,57.72244860124363,0.0436318126287967,0.0216083194570277,0.7961876014518158
2.8943986305013967,0.0380926035777368,0.0060012657101782,184391206690.16812,7942.88600952827,0.0430634746063685,4.806117528445143,0.7289471834362139,0.65,2.0,0.002,4,1.5650793456177667,6.260317382471067,14.0857141105599,25.041269529884268,0.050011982684689,0.0299793487366103,0.4657573339506851
2.6167438290740472,0.0337820472051598,0.0088599897812165,190497224266.83823,7977.197055031989,0.0160435206332563,5.145191609591362,2.3792114248886724,0.65,2.0,0.002,4,2.867208156943996,11.46883262777598,25.80487341249596,45.875330511103925,0.0390204749242226,0.0202897115417149,0.8298007311141815
2.91315905906258,0.058045846470992,0.0065356559120683,189759863674.20636,7751.549758969566,0.010641089802931,8.49488421351311,0.9504887012433852,0.65,2.0,0.002,4,1.7278178168573444,6.9112712674293775,15.5503603517161,27.64508506971751,0.0580581241895872,0.0324719824453441,0.5501093297973911
2.8440985900982163,0.0412338007457451,0.0090848840929676,192457216885.05432,7743.406062955131,0.0192618772614319,8.453126751159475,3.072363945572998,0.65,2.0,0.002,4,2.538986748810938,10.155946995243752,22.850880739298447,40.62378798097501,0.0533579533790757,0.0260390135275709,1.2100748249323678
1.8514382860919685,0.0296784593514549,0.0075476991799309,210253828745.70657,7626.669680458083,0.0178261764768135,9.810360450917871,5.539153856287215,0.65,2.0,0.002,4,5.242396247518047,20.96958499007219,47.18156622766243,83.87833996028876,0.0698451016483708,0.0398113174750342,1.0566072449997774
2.6258015497246565,0.0327955473006141,0.0064122552506141,206735796465.9751,7602.962273985723,0.0424589267153847,5.67082469361345,1.4167809763469248,0.65,2.0,0.002,4,2.199037716998831,8.796150867995324,19.79133945298948,35.1846034719813,0.0513478248723342,0.0275044369101049,0.6442731588435406
2.408686514619048,0.0271773446186805,0.0081028910797847,211550551802.4616,7971.834079893808,0.0264419922667919,7.940849231238762,2.528096440550541,0.65,2.0,0.002,4,3.26239579353708,13.04958317414832,29.361562141833723,52.19833269659328,0.0465407728785858,0.0234591657298843,0.7749202121823441
2.098796561244665,0.0750070134167853,0.0050573442058567,215040591850.5862,7815.727229703547,0.011806228395118,8.573070842617497,3.1852176621309347,0.65,2.0,0.002,4,2.730779320505998,10.923117282023991,24.57701388455398,43.692469128095965,0.059668105319897,0.0313213839363774,1.1664134257252
2.003695146635013,0.0218688153841495,0.0092209316719182,206274402014.57928,7653.840959863297,0.0370620294671937,6.2517237399869,5.263046232317946,0.65,2.0,0.002,4,5.406593487330929,21.62637394932372,48.65934138597837,86.50549579729487,0.0452556505234549,0.0249833880349037,0.9734495934733485
2.5734779959555576,0.0465105211544664,0.0056594155130685,213641083621.59036,7921.094989702222,0.015682133855799,3.471221494555289,2.2592294354887827,0.65,2.0,0.002,4,2.0123786068592127,8.04951442743685,18.111407461732917,32.1980577097474,0.0793204205609066,0.0413226307156405,1.1226661960071413
2.918438894556096,0.0652885920855983,0.0068621357020121,192502288463.30756,7918.545980325256,0.0173816312182647,7.42668858028185,1.8899563821848508,0.65,2.0,0.002,4,1.8012855865987758,7.205142346395103,16.21157027938898,28.820569385580413,0.1578166464480942,0.0731832920449578,1.0492263948847251
2.895904636415202,0.0467632202792964,0.0075551931108649,201996892795.8669,7798.670210521794,0.0402162485310143,8.61597468662628,3.082664282127485,0.65,2.0,0.002,4,2.0790664860933035,8.316265944373214,18.71159837483973,33.265063777492855,0.0359579157426136,0.0168469923417503,1.4827155854548955
2.7763167114938074,0.0774885920558015,0.0083267168852833,191767363719.6251,7920.041158894413,0.0486618749403892,6.531793363142839,2.402328526563645,0.65,2.0,0.002,4,2.4103974974628914,9.641589989851566,21.693577477166023,38.56635995940626,0.0486634664625042,0.0238538035064292,0.9966524314318532
2.9402799835450004,0.0221322644425229,0.0115645175432219,186765261695.6376,7749.595814321302,0.0211906134423478,6.015854517467981,2.9401507928416097,0.65,2.0,0.002,4,2.9777478707870397,11.910991483148155,26.79973083708336,47.64396593259263,0.1202912968368795,0.0560172137085476,0.9873739888073557
2.8122400595271038,0.039215472348197,0.0050577376568557,210688241074.7031,7720.214502919834,0.0059967199970063,4.620385442822071,1.4595845782684636,0.65,2.0,0.002,4,1.514907924284547,6.059631697138188,13.634171318560924,24.23852678855275,0.3315084644473792,0.1388804853541934,0.9634807204258231
2.786073077145589,0.0312769685384148,0.0060647691531832,211076877589.1643,7947.1612078467,0.0289127668564509,3.828009061009421,1.780167848184692,0.65,2.0,0.002,4,1.8258825615802672,7.303530246321069,16.432943054222406,29.214120985284275,0.1782115109373357,0.0831831719927784,0.9749629497770055
1.1051157573401875,0.0289476183823008,0.0061862720345336,200785478373.90756,7921.122897500138,0.0074671155935509,7.81612615702114,11.327136997916204,0.65,2.0,0.002,4,11.56419747032134,46.25678988128536,104.07777723289205,185.02715952514143,0.0367424034210204,0.0200260319561469,0.979500482155071
2.8248665909041453,0.0611679932071855,0.0053463971376174,185379072365.4517,7717.528227347122,0.0452997139290041,7.496154758275885,1.9527647195690685,0.65,2.0,0.002,4,1.4889695759138022,5.955878303655209,13.40072618322422,23.823513214620835,0.0965919496261933,0.0512162381039401,1.3114873205993
2.9738461696298155,0.0610995089088172,0.0074752615426923,198387091623.5013,7824.120934235913,0.014759478816001,7.351566186599957,2.645274290343911,0.65,2.0,0.002,4,1.9300011818066352,7.720004727226541,17.370010636259718,30.880018908906163,0.0398738543442968,0.0193344456866983,1.370607601321634
2.449710452457049,0.0232372652112954,0.0056094801726973,197689721347.89743,7752.741205867423,0.0295586833393097,7.05616645424932,1.62166339620374,0.65,2.0,0.002,4,2.1403596837366305,8.561438734946522,19.263237153629674,34.24575493978609,0.1527977385614665,0.0804588178777115,0.7576592890091478
2.5569028343009883,0.0570881949333337,0.0054310976687212,184806763337.68967,7920.648915036263,0.0269624012428843,9.583971066832252,1.7230653438010683,0.65,2.0,0.002,4,1.8195624528940275,7.278249811576109,16.37606207604625,29.11299924630444,0.2723226777781321,0.1255070194837914,0.9469668606650572
2.6834045502447466,0.0413385344571255,0.0096448060087779,190089366171.2505,7669.383487421117,0.0476503302779409,7.614431521738076,2.9636899687420386,0.65,2.0,0.002,4,3.0237726281411828,12.095090512564733,27.213953653270647,48.38036205025893,0.0669015104874463,0.0338374689115268,0.9801299016863979
2.90187416867069,0.0244467645054835,0.0092292107617908,191879503227.5984,7628.408218189775,0.0430992759417489,8.963760428146271,3.212707172775146,0.65,2.0,0.002,4,2.492493271858118,9.969973087432471,22.432439446723063,39.879892349729886,0.0649618832699793,0.0313295997200088,1.2889531976068762
2.8341541021544936,0.0698690825928105,0.0093300185311357,214689389148.79803,7815.883497753795,0.0070172983112098,6.770797651599037,3.0350010925855164,0.65,2.0,0.002,4,2.760457662976509,11.041830651906036,24.84411896678858,44.16732260762414,0.0451288659095722,0.0239701352678525,1.0994557653577546
2.0732475805568047,0.0446915203322998,0.0059612783529714,187208534058.84277,7902.581840513002,0.015540294484942,6.314494261562228,3.597586862079993,0.65,2.0,0.002,4,3.060868279811674,12.243473119246696,27.547814518305067,48.973892476986784,0.0455311457217288,0.0221901904742216,1.175348474094201
2.8458899713397168,0.0414885744780186,0.006246094984931,186213442538.92532,7885.717998403992,0.030304648080744,5.392709691904627,0.5906718605457456,0.65,2.0,0.002,4,1.6993644205324494,6.797457682129798,15.294279784792048,27.18983072851919,0.0387911701482099,0.0208885589755534,0.3475839869359362
2.631017029768157,0.0499991449528499,0.0069957898216434,204581914701.9425,7628.643005660441,0.0417714589294141,7.639248117869519,2.192215077307698,0.65,2.0,0.002,4,2.3731689771967197,9.492675908786875,21.358520794770477,37.97070363514751,0.103645304792834,0.0537075588700663,0.9237500988645269
2.947996094004303,0.0679302203784305,0.0093499570230228,181814029446.35907,7770.247066097487,0.0183828320496191,6.58638152492032,2.0481113053333715,0.65,2.0,0.002,4,2.3598333970064407,9.439333588025764,21.23850057305797,37.75733435210305,0.0432120882574101,0.0239594269823316,0.8679050427591611
2.3523215360442067,0.0375566647300785,0.005459408102539,210767448048.99557,7850.07716410971,0.0162704675963753,9.61925582482442,4.212519430889848,0.65,2.0,0.002,4,2.318175173052481,9.272700692209924,20.863576557472328,37.090802768839694,0.0361819950829239,0.0176181562857719,1.8171704536646252
2.9287517141274875,0.0507341797364778,0.0085274973349015,186953167098.81024,7979.409407339061,0.0450872871218065,7.435280432298288,2.441565674932948,0.65,2.0,0.002,4,2.1820604309082245,8.728241723632898,19.63854387817402,34.91296689453159,0.0662031191080927,0.037934408034291,1.1189266989808853
1.58531459223771,0.0552449034309628,0.0065577765415062,198530880031.8137,7875.951534460351,0.0130875134728614,9.030761084806675,5.6490277367990025,0.65,2.0,0.002,4,5.940424353748471,23.761697414993883,53.46381918373624,95.04678965997552,0.037251928665137,0.0210961273204545,0.9509468348392327
2.3550342796171213,0.0787397259131261,0.0065722968696926,201853796997.39105,7994.949739756744,0.0099903554075346,9.728429634769556,2.7861769986915528,0.65,2.0,0.002,4,2.6999924687893637,10.799969875157451,24.299932219104274,43.19987950062981,0.1267166242824547,0.0551626378399533,1.0319202852965115
2.5222886762783903,0.05402967590156,0.0062169849279888,198073255212.60245,7631.630326249115,0.0218088257473125,7.712648608620725,1.5008836082347752,0.65,2.0,0.002,4,2.2574791358787665,9.029916543515066,20.3173122229089,36.11966617406026,0.0452631879195303,0.023913720557606,0.664849381941476
1.9198040880001697,0.0446551498174762,0.0051042775814441,210343066029.1305,7775.429316142823,0.0150282186080992,6.6959906053966725,3.2852206626463696,0.65,2.0,0.002,4,3.2662665640285247,13.0650662561141,29.39639907625672,52.2602650244564,0.1544992545889495,0.0692280388560087,1.0058029858391189
2.719169221514902,0.0470483843236066,0.005372900634657,218918020760.4694,7604.028572998493,0.0435258352260517,4.190995150947578,1.312492254716496,0.65,2.0,0.002,4,1.7680090257619416,7.072036103047767,15.912081231857474,28.288144412191063,0.0635576442395264,0.0347494063100534,0.7423560827981995
2.7205475776797137,0.0475241113933126,0.0051676040480016,201145936250.7656,7837.81847495248,0.025317899398784,8.39653935918142,2.179977053778834,0.65,2.0,0.002,4,1.6038504267793814,6.4154017071175256,14.434653841014434,25.661606828470106,0.1200039513889676,0.0566573339776391,1.3592146857212526
1.957673911771138,0.024437243068432,0.0058284305883524,215518377242.6637,7877.905625364669,0.0345730665738957,9.140692644150713,4.237091224030532,0.65,2.0,0.002,4,3.606923598618086,14.427694394472343,32.462312387562775,57.710777577889374,0.0762918575675225,0.037444417184194,1.1747105554589183
2.1890862585126145,0.0302538327365806,0.0066012482320369,195049216883.2568,7921.6722914119955,0.0402802483256021,6.872987280393973,2.9930191976212885,0.65,2.0,0.002,4,3.0995113994026124,12.39804559761045,27.89560259462351,49.5921823904418,0.1205374522058675,0.0609991595578132,0.9656422616152182
2.732350830089864,0.0214254012961686,0.0098949705450467,189342797534.89883,7768.824406990852,0.0395815003190443,5.077774480276662,3.3613837140997798,0.65,2.0,0.002,4,2.9670002229466306,11.868000891786522,26.70300200651968,47.47200356714609,0.0501511742348225,0.0283274340039086,1.1329233102522227
2.620876288342587,0.0594513752888573,0.0084890868760247,191519347859.77,7609.193155517151,0.0486220352241378,8.363064698754325,2.6068579292554053,0.65,2.0,0.002,4,2.811474906221844,11.245899624887372,25.30327415599659,44.98359849954949,0.0538486818426377,0.0291457824995426,0.927220770666095
2.8083463452404445,0.0629934318068579,0.0068117718218274,196191997152.31732,7600.222546307134,0.0158448591510413,9.716128344604693,2.030290228591219,0.65,2.0,0.002,4,1.98982783172012,7.95931132688048,17.90845048548108,31.83724530752192,0.2195484352828329,0.0962311638193708,1.0203346220341694
2.365276236739507,0.0228704987617412,0.0067667504323467,187250272778.14917,7670.714773656755,0.0429308006915923,4.005647158416971,2.9292062163428154,0.65,2.0,0.002,4,2.709810920037333,10.839243680149334,24.38829828033601,43.356974720597336,0.0859126482382996,0.0481431589830566,1.0809633228219702
2.92068412778252,0.0777307154298948,0.0052851633200634,200630882296.9484,7680.052446239896,0.0326877901909649,9.463785393657773,2.553055047066497,0.65,2.0,0.002,4,1.4359366615205928,5.743746646082371,12.923429953685336,22.97498658432949,0.0481443776049312,0.0225389304016591,1.7779719088465404
2.733164953554324,0.0419431044654793,0.0125175695606844,191277772372.83167,7821.541732355911,0.0186524536402444,8.106439716464722,3.892641874307011,0.65,2.0,0.002,4,3.757540326200307,15.030161304801227,33.817862935802765,60.12064521920491,0.0551778883940528,0.0268910120306722,1.0359547832832765
2.870096585007419,0.0586187662534794,0.0080312617786295,192241681211.4936,7813.220402874206,0.0446822030522369,7.987855887960839,1.630867201992101,0.65,2.0,0.002,4,2.1929501137921115,8.771800455168446,19.736551024129003,35.08720182067378,0.0411045634797124,0.0214934233558796,0.7436864120780017
2.997824615432405,0.0306001250753006,0.0129259936352651,195026245198.86047,7687.36635299813,0.0443971503113793,9.581927974753675,2.7277272312165644,0.65,2.0,0.002,4,3.2850235671392354,13.140094268556942,29.565212104253124,52.560377074227766,0.0361442873451073,0.0195910322276372,0.830352408580133
2.520096771522275,0.0222574115410208,0.0103001010979648,206148660382.3228,7930.500225031477,0.0474436301192985,6.36244661309509,3.8725606569062414,0.65,2.0,0.002,4,3.749525168065405,14.99810067226162,33.74572651258865,59.992402689046486,0.0610179422162491,0.0331257359560026,1.032813618611958
2.070827733712368,0.020130751899638,0.0073676341952577,190144110768.30173,7765.506221598218,0.0212985326581223,5.192622797769566,3.6300718411159534,0.65,2.0,0.002,4,3.855013621688679,15.420054486754715,34.69512259519811,61.68021794701886,0.0959053116717678,0.0510369381099283,0.9416495497429163
2.7370604211541254,0.0642098852965765,0.0055204863783652,206930576585.54868,7927.097969781306,0.0171972341858229,6.568792187542222,1.8593624124216863,0.65,2.0,0.002,4,1.707233988929289,6.828935955717156,15.3651059003636,27.315743822868622,0.17386371582191,0.0825777201669138,1.0891081272273677
2.456674441398622,0.0613961118452046,0.0058114650940595,201792766360.5641,7839.506170704082,0.0363423918514182,5.875296625512404,2.075737476375035,0.65,2.0,0.002,4,2.215277397263533,8.861109589054132,19.9374965753718,35.44443835621653,0.0941441597371535,0.0464774290654599,0.9370101816319403
2.949315333739542,0.0303188837722295,0.0061505638778135,194045592777.0902,7686.219965081678,0.0496357063184553,5.629924770652446,1.365314580528967,0.65,2.0,0.002,4,1.6110063674971735,6.444025469988694,14.499057307474564,25.776101879954776,0.1944958624809936,0.1044928230251307,0.8474917344058
2.9572279115345825,0.0329345266766307,0.0067648337409484,188392554433.4293,7740.601410261315,0.0291305880262094,9.804239733530537,3.05562727687428,0.65,2.0,0.002,4,1.730458957445011,6.921835829780045,15.574130617005103,27.68734331912018,0.0646845087113051,0.0306440710474022,1.7657900892291916
2.644437665476391,0.0331161619158265,0.0073728000772783,180040863100.70456,7842.601275669252,0.0196537935202625,6.734537989893397,3.303641902775491,0.65,2.0,0.002,4,2.2906066556625917,9.162426622650363,20.61545990096332,36.64970649060146,0.0395449541838332,0.0187662712114996,1.4422563099642545
2.9677929577444964,0.0217396290086189,0.0079409418449573,218569992231.19052,7736.710079985027,0.022503853781811,6.663381031978599,1.814057134578083,0.65,2.0,0.002,4,2.172957221959886,8.691828887839543,19.55661499763897,34.76731555135817,0.1538547663382672,0.0861287455147516,0.8348333396742642
2.5064906777634315,0.0662030191863855,0.0056526408312741,204692891683.27347,7697.1358904759745,0.0334793597243106,7.2911475622132125,1.2643426094860974,0.65,2.0,0.002,4,2.1039492580985284,8.415797032394114,18.93554332288676,33.663188129576454,0.0374860907085993,0.0196561193372007,0.6009377862224509
2.485017971622843,0.0608435866794883,0.0052199266430508,213456394064.7428,7660.340206016222,0.0290070056880953,7.788950217411798,2.7051963944462365,0.65,2.0,0.002,4,2.023322641741712,8.093290566966846,18.209903775675407,32.373162267867386,0.0572536463988865,0.0269989635094727,1.337006930401152
2.533365285367389,0.0722324721556621,0.005329814339654,216483547824.70947,7944.431207394323,0.0253524705726618,6.768521571459177,1.355553807950207,0.65,2.0,0.002,4,1.965743049166832,7.862972196667327,17.691687442501486,31.451888786669308,0.0469357957463875,0.0235583922027993,0.6895885037084323
2.971418150814399,0.0270227521709884,0.0073743227813506,190333093969.3664,7921.417969990034,0.0393268231803718,7.750342214410564,3.3106181942319832,0.65,2.0,0.002,4,1.8564341224853305,7.425736489941322,16.707907102367976,29.702945959765287,0.0459055224335483,0.0209432920822026,1.7833211284652757
2.519474456733035,0.0232651316302209,0.0050022804410758,185337963340.5357,7618.147729491775,0.0167189034992577,4.102253757301883,2.826162525763609,0.65,2.0,0.002,4,1.762523306208552,7.050093224834208,15.862709755876969,28.20037289933683,0.0671145817501205,0.0316856654314208,1.6034752651544237
2.54712038446814,0.0693899938233464,0.0062428133444545,204263623927.523,7959.38102648271,0.0152176582053647,3.5388548150813897,2.0130493169407395,0.65,2.0,0.002,4,2.2103778995568875,8.84151159822755,19.89340109601199,35.3660463929102,0.0520034496743221,0.0257745586052152,0.9107263139684367
2.879408432669273,0.052623470237984,0.0050251147456683,217796919615.2689,7653.113479683607,0.0425273531224434,3.359850600858905,1.7923734033016403,0.65,2.0,0.002,4,1.4661401354903527,5.864560541961411,13.195261219413176,23.458242167845643,0.0738941604464209,0.0420636698547051,1.2225116548645456
2.974791082959154,0.0497476641448905,0.0057515925401825,204315847788.1066,7912.441830964272,0.0233472312625965,4.857268897119208,2.188135353082901,0.65,2.0,0.002,4,1.497615015055071,5.990460060220285,13.478535135495642,23.96184024088114,0.0527682529352985,0.0259514501475263,1.4610800045981363
2.964472843905281,0.036638239626982,0.0091608050667715,204412195886.74133,7630.472674569401,0.0317891961477605,9.690021993177645,1.7969930297860186,0.65,2.0,0.002,4,2.44650227695198,9.78600910780792,22.018520492567824,39.14403643123168,0.0590871401965537,0.0294644072985578,0.7345151675169644
2.9904909764983003,0.0524872235172874,0.0060072288847054,202565870038.81467,7840.316518742932,0.0296477082456952,3.4262811018898938,2.1412516124174297,0.65,2.0,0.002,4,1.5482275094490037,6.192910037796015,13.934047585041032,24.77164015118406,0.0379679395809218,0.0178726376777177,1.3830342112829894
2.306942578386292,0.0212259682951142,0.0053142617739744,192742887390.751,7901.906800925653,0.046645635585445,6.8614610944947545,3.290655566896355,0.65,2.0,0.002,4,2.2362577401125687,8.945030960450275,20.12631966101312,35.7801238418011,0.0762252694795281,0.0348854377363081,1.4715010295417512
2.811911084230962,0.0665736683313543,0.0067350063901786,209618600810.1944,7752.827378823025,0.0455578162596978,5.77067635889774,2.385552514562165,0.65,2.0,0.002,4,2.008394162955817,8.033576651823267,18.07554746660235,32.13430660729307,0.0442398377012186,0.0249805216890763,1.187791001668354
2.819056738681782,0.0385697548799857,0.0069250750662165,207029982566.4852,7835.837999813471,0.0457514613686885,7.452326438363773,1.8579713925167265,0.65,2.0,0.002,4,2.031047142892518,8.124188571570071,18.279424286032665,32.496754286280286,0.1545693838120642,0.0785429732276893,0.9147849664733506
2.1152291133593244,0.0317918419478869,0.0082362237367335,181871962292.30792,7996.068555123331,0.0100892853404079,4.214626289100941,3.7882933982978426,0.65,2.0,0.002,4,3.980954197358838,15.923816789435351,35.82858777622955,63.695267157741405,0.0554439948408632,0.0271469891471728,0.9516043668151681
1.9538685741581647,0.0219103808102351,0.0052789905062098,205578755406.9933,7710.161005785179,0.018819291324278,8.089950006611602,1.2960445967653782,0.65,2.0,0.002,4,3.237776242077294,12.951104968309176,29.139986178695644,51.804419873236704,0.0394525131123639,0.0215904310072659,0.4002885004597666
2.4216457499354407,0.025115953205596,0.0060759224165376,191030770062.149,7640.64102330642,0.0348337321136002,7.189583683495066,3.172912508411003,0.65,2.0,0.002,4,2.3491297961159767,9.396519184463909,21.142168165043792,37.58607673785563,0.0773704805548795,0.0371699555525604,1.3506756900606594
2.858540849508118,0.0344364453987587,0.0062207038084327,183027721148.58524,7629.197449680867,0.0207734383748289,1.349524841812961,1.5708562049336423,0.65,2.0,0.002,4,1.6908262458265697,6.763304983306279,15.217436212439129,27.053219933225115,0.0619571414804118,0.0291815557324501,0.929046499491567
2.820040482441981,0.0385180169699497,0.0064242432991356,180100724654.08694,7844.605066085141,0.0329436072339038,9.949760397172303,1.2628199815632712,0.65,2.0,0.002,4,1.7551439312069774,7.02057572482791,15.796295380862798,28.08230289931164,0.1478228531807079,0.0783184880661093,0.7194965376399958
2.3465019326345704,0.0582846067557737,0.0068655949993824,212561734987.722,7854.061625970867,0.039716284055904,8.773291862564799,3.460220237881055,0.65,2.0,0.002,4,2.941446767606556,11.765787070426224,26.473020908459,47.06314828170489,0.0376069740704402,0.0194736327331286,1.1763667716130803
2.913770473835525,0.026552082824122,0.0050605679810162,193197744565.52237,7686.620037912005,0.0299124450173512,2.874924424643744,1.9494209528928212,0.65,2.0,0.002,4,1.3550370193236496,5.420148077294599,12.195333173912848,21.680592309178397,0.0863990689536571,0.0410992394309355,1.438647745480674
2.8487859104875146,0.0334024185863169,0.0081432408465526,211185952097.29092,7836.795274587708,0.0231934944325443,8.64043572517089,2.9490111440140336,0.65,2.0,0.002,4,2.361947121233878,9.447788484935511,21.257524091104905,37.791153939742046,0.071876673598904,0.0339770405243349,1.2485508746163099
1.981253278278296,0.0348414655685469,0.0066363290862559,198061361505.43765,7659.138928350801,0.0088696945684173,9.605808287545784,4.11952871873834,0.65,2.0,0.002,4,3.8984061012328426,15.59362440493137,35.08565491109559,62.37449761972548,0.1439513420263694,0.0729837192902488,1.05672128858909
2.110049807419043,0.0336346118424236,0.0053289020612907,212028356180.1676,7955.720513935271,0.0400041181047705,7.1084568723684844,2.940397893233752,0.65,2.0,0.002,4,2.8018107225705884,11.207242890282354,25.216296503135297,44.82897156112941,0.149270762686858,0.076341430989876,1.0494634307545276
2.167806205964544,0.0614976323263384,0.0053934225027886,196946821367.5627,7689.874602864019,0.0214002091465861,7.517393946313604,2.2494380817306894,0.65,2.0,0.002,4,2.6337081356845298,10.53483254273812,23.703373221160767,42.13933017095248,0.0691112512490869,0.0386459547182739,0.8540954296539908
2.238440872911049,0.0425492937024671,0.0059020292101353,189747868444.57635,7824.058917541186,0.032309472107458,8.016642611418618,1.6883136713440152,0.65,2.0,0.002,4,2.6303391615590743,10.521356646236296,23.673052454031662,42.08542658494519,0.0422543240794413,0.0222801210061113,0.641861588048328
2.082757498451409,0.0223004345875617,0.0062224553835924,203090317408.9481,7934.11753484615,0.0473684642570901,9.449917498207393,4.085617968411291,0.65,2.0,0.002,4,3.290856357322137,13.16342542928855,29.617707215899237,52.6537017171542,0.0698939888696224,0.0338597797836786,1.241506016912836
2.9628184218529814,0.0289757656472742,0.0064200147600573,181211115488.6218,7909.652843024523,0.0462468625533301,8.414353708971712,3.0022005629080124,0.65,2.0,0.002,4,1.5873361739943492,6.349344695977397,14.286025565949142,25.397378783909588,0.0602107127618127,0.0294224266627251,1.8913451429468273
2.3202872459712767,0.0771121514645335,0.0055105816614989,180916737611.2804,7629.908675123119,0.0050749004434275,9.290293305460088,2.380481923127819,0.65,2.0,0.002,4,2.2600752267855126,9.04030090714205,20.34067704106961,36.1612036285682,0.1887651170116445,0.0855815234142901,1.0532755259273205
2.665758185520857,0.0780190280131387,0.0060228560716899,193367860232.28583,7756.45975260496,0.0216061418424359,6.710984339977403,2.2738330732535794,0.65,2.0,0.002,4,1.9188923441770207,7.675569376708085,17.27003109759319,30.70227750683234,0.0641427245157604,0.0363574218060066,1.184971673973084
2.7827483341434096,0.0333530722185994,0.0109899768322453,201646388700.45383,7926.718701127464,0.0420457843214039,8.607785067183466,3.682215155596519,0.65,2.0,0.002,4,3.2458367199479743,12.983346879791895,29.212530479531768,51.93338751916759,0.0390902375689595,0.0217857207604612,1.1344425099903175
2.9234228597943908,0.0660622332210119,0.0100071480572181,214012066954.49863,7819.396895452678,0.028487049766382,6.94953203655383,2.7029263334254456,0.65,2.0,0.002,4,2.7777221632631544,11.110888653052616,24.999499469368388,44.44355461221047,0.0529483130286262,0.0248984431238586,0.9730729621461343
2.7105735716759463,0.0209316299385277,0.006714828747742,217020672958.22745,7695.708398484696,0.037885523618534,8.14421238483013,3.373708363325619,0.65,2.0,0.002,4,2.2007365036084017,8.802946014433607,19.806628532475614,35.21178405773443,0.0727254122373275,0.0324434627858249,1.5329905955547032
2.5555853136284954,0.0252078553070587,0.0099229738799126,203797036117.8513,7849.494372662116,0.0349819283604145,9.945585013219356,3.238420943987408,0.65,2.0,0.002,4,3.5104955384844767,14.041982153937909,31.59445984636029,56.16792861575163,0.090584604651934,0.0522965950241978,0.9224968123404803
2.0300258228548023,0.0241085770233366,0.0054697689780693,214419553396.61533,7689.713390335259,0.0286564557507694,7.790210698660789,2.084156571284536,0.65,2.0,0.002,4,3.178134187154344,12.712536748617376,28.603207684389098,50.85014699446951,0.0563825542148672,0.02854838595282,0.655779916313307
2.9969800580835293,0.0531535482553584,0.0061781136373201,191713415896.35736,7673.909894782259,0.046611525523682,8.081482878503895,1.8464750020229723,0.65,2.0,0.002,4,1.5589613379807818,6.235845351923127,14.030652041827036,24.94338140769251,0.1426297380298091,0.0803414847521172,1.1844264235664674
2.7566615662135696,0.0209890146638413,0.0066784835501157,219649429717.31616,7671.243011345038,0.0381437813738056,4.860342964767217,2.427613495050456,0.65,2.0,0.002,4,2.1324182057935803,8.529672823174321,19.191763852142223,34.118691292697285,0.1399415584847196,0.0807647465710334,1.138432174540087
2.8881120236403035,0.0641766102559332,0.006081807994703,198309336822.30927,7758.297952145874,0.0153945165827904,9.94992382715631,0.7428815179898633,0.65,2.0,0.002,4,1.6715610541927617,6.686244216771046,15.044049487734853,26.744976867084183,0.0559816948692389,0.0323142113642809,0.44442380140797144
2.6598980865236523,0.0564908426018802,0.0052343947712226,192684865436.8855,7760.363481562253,0.0177973379160966,5.853163377222412,0.5215256134731973,0.65,2.0,0.002,4,1.671662128954981,6.686648515819923,15.044959160594829,26.74659406327969,0.0372470970650922,0.0206377607501213,0.31198027665986705
2.58286683983357,0.0494708064605122,0.0068663107527046,198614361049.28995,7958.4267253061425,0.0312838426298386,7.564607746057889,1.7029525412202708,0.65,2.0,0.002,4,2.3315266727388764,9.326106690955504,20.98374005464989,37.30442676382202,0.0476368781565681,0.024095695136561,0.7304023415780996
1.6847850595223846,0.0273477680291927,0.0060430779952623,214683667678.5342,7899.285515937925,0.0332408160772459,5.017927462454067,5.149560634351778,0.65,2.0,0.002,4,5.032734798598193,20.130939194392774,45.29461318738374,80.5237567775711,0.0527325291980679,0.0280424458243544,1.0232131913221665
2.923394493637336,0.0301792471652855,0.0053011044893693,213226522518.50616,7823.458447882926,0.0388027510861816,3.3835439961775737,0.7126628704131223,0.65,2.0,0.002,4,1.4683919377778063,5.873567751111226,13.21552744000026,23.494271004444904,0.0588652940362618,0.036014128692362,0.48533559200252213
2.426925802183405,0.0252940649736786,0.0100667749363188,187584546695.611,7865.306019141198,0.0319163344506059,9.826295845473048,3.806992949927081,0.65,2.0,0.002,4,3.784838319209413,15.139353276837651,34.06354487288471,60.55741310735061,0.119217311887113,0.0587105477569905,1.0058535210355555
2.747865236983769,0.0258079767120417,0.0109431531218794,200039265353.75308,7832.848775964613,0.0193597435541345,7.1595314806954455,2.704841386739562,0.65,2.0,0.002,4,3.3210745520838207,13.284298208335285,29.889670968754388,53.13719283334113,0.0393984820751657,0.0195150345548927,0.8144476567207439
2.508249990782525,0.0400599858162927,0.005221421728885,211218792163.93588,7912.599162448677,0.0053617313983871,8.649612326977142,3.473824220653522,0.65,2.0,0.002,4,1.944388671280007,7.777554685120028,17.499498041520063,31.11021874048011,0.0487338172881072,0.0248670199817475,1.7865894159765265
2.6669372076001023,0.0436833675547497,0.0113069686885054,218478333010.9125,7698.953476560945,0.0223460608466823,7.72448847690183,4.085704909398999,0.65,2.0,0.002,4,3.8400616937627934,15.360246775051174,34.56055524386514,61.44098710020469,0.0392019713250838,0.0216960443651363,1.063968559681005
2.7638945675349498,0.0768420981182346,0.0058805741780547,205102933682.38705,7913.0716457232675,0.032691354201399,8.813176729377622,0.7792088013335811,0.65,2.0,0.002,4,1.7771309449366817,7.108523779746727,15.994178504430137,28.434095118986907,0.0360242692880304,0.0203045007841629,0.43846448319054165
