L,b,h,E,rho,damping_ratio,force_amplitude,excitation_frequency,observation_point,simulation_time,time_step,number_of_modes,f1,f2,f3,f4,peak_displacement,rms_displacement,frequency_ratio,actual_f1,predicted_f1,error_f1,actual_f2,predicted_f2,error_f2,actual_f3,predicted_f3,error_f3,actual_f4,predicted_f4,error_f4,actual_peak_displacement,predicted_peak_displacement,error_peak_displacement,actual_rms_displacement,predicted_rms_displacement,error_rms_displacement
2.456963733803863,0.022590513503413,0.0050728600666591,209179803514.4392,7979.549502859651,0.0390426371477289,4.769237887181348,2.097084357701906,0.65,2.0,0.002,4,1.950991301639846,7.803965206559384,17.558921714758615,31.21586082623753,0.2652438052430529,0.1328213469111404,1.0748814492095715,1.950991301639846,2.0913398,-0.1403485249440164,7.803965206559384,8.381566,-0.5776008411090734,17.558921714758615,19.024708,-1.4657860794308384,31.21586082623753,33.176044,-1.960183637873797,0.2652438052430529,0.08015809,0.1850857131615061,0.1328213469111404,0.042234126,0.0905872204327067
2.7566615662135696,0.0209890146638413,0.0066784835501157,219649429717.31616,7671.243011345038,0.0381437813738056,4.860342964767217,2.427613495050456,0.65,2.0,0.002,4,2.1324182057935803,8.529672823174321,19.191763852142223,34.118691292697285,0.1399415584847196,0.0807647465710334,1.138432174540087,2.1324182057935803,2.3276641,-0.1952459310930163,8.529672823174321,9.259885,-0.7302120111152295,19.191763852142223,20.725964,-1.5341997403870735,34.118691292697285,37.44894,-3.330248984402324,0.1399415584847196,0.058356058,0.0815855006322129,0.0807647465710334,0.03127404,0.0494907072727374
2.7049171999449038,0.0691708157451518,0.0061493849324296,185729136951.1568,7740.018129692195,0.0101601326459792,7.607032737494786,2.06726916382919,0.65,2.0,0.002,4,1.8669041184563684,7.4676164738254736,16.802137066107317,29.87046589530189,0.1432891717733956,0.0704967901410945,1.1073247647760782,1.8669041184563684,1.896289,-0.0293848725180578,7.4676164738254736,7.6585584,-0.1909418948573877,16.802137066107317,17.106876,-0.3047393071836985,29.87046589530189,30.498392,-0.6279262098006484,0.1432891717733956,0.060926758,0.0823624140205002,0.0704967901410945,0.031923484,0.0385733060839064
2.5569028343009883,0.0570881949333337,0.0054310976687212,184806763337.68967,7920.648915036263,0.0269624012428843,9.583971066832252,1.7230653438010683,0.65,2.0,0.002,4,1.8195624528940275,7.278249811576109,16.37606207604625,29.11299924630444,0.2723226777781321,0.1255070194837914,0.9469668606650572,1.8195624528940275,1.840531,-0.0209685386602327,7.278249811576109,7.17545,0.1027999634010603,16.37606207604625,15.7775,0.5985619234583588,29.11299924630444,30.269907,-1.1569077513762238,0.2723226777781321,0.18683358,0.0854891024102045,0.1255070194837914,0.08825082,0.0372561961648331
2.9677929577444964,0.0217396290086189,0.0079409418449573,218569992231.19052,7736.710079985027,0.022503853781811,6.663381031978599,1.814057134578083,0.65,2.0,0.002,4,2.172957221959886,8.691828887839543,19.55661499763897,34.76731555135817,0.1538547663382672,0.0861287455147516,0.8348333396742642,2.172957221959886,1.8086106,0.3643466634500591,8.691828887839543,7.07136,1.620468776602971,19.55661499763897,15.686268,3.870347144855767,34.76731555135817,29.417574,5.3497416225251655,0.1538547663382672,0.09944009,0.0544146759800099,0.0861287455147516,0.053549483,0.0325792620962869
1.8514382860919685,0.0296784593514549,0.0075476991799309,210253828745.70657,7626.669680458083,0.0178261764768135,9.810360450917871,5.539153856287215,0.65,2.0,0.002,4,5.242396247518047,20.96958499007219,47.18156622766243,83.87833996028876,0.0698451016483708,0.0398113174750342,1.0566072449997774,5.242396247518047,5.0901413,0.1522549511313284,20.96958499007219,20.22781,0.7417750840663295,47.18156622766243,45.6046,1.576967228638992,83.87833996028876,81.35261,2.5257322332379744,0.0698451016483708,0.022447422,0.0473976795015736,0.0398113174750342,0.010156093,0.0296552243097557
2.665758185520857,0.0780190280131387,0.0060228560716899,193367860232.28583,7756.45975260496,0.0216061418424359,6.710984339977403,2.2738330732535794,0.65,2.0,0.002,4,1.9188923441770207,7.675569376708085,17.27003109759319,30.70227750683234,0.0641427245157604,0.0363574218060066,1.184971673973084,1.9188923441770207,2.0161622,-0.0972698128816951,7.675569376708085,8.221812,-0.5462428715218959,17.27003109759319,18.396793,-1.1267622678853255,30.70227750683234,32.27895,-1.5766722307164898,0.0641427245157604,0.031159373,0.0329833515154962,0.0363574218060066,0.01604719,0.0203102309311916
2.070827733712368,0.020130751899638,0.0073676341952577,190144110768.30173,7765.506221598218,0.0212985326581223,5.192622797769566,3.6300718411159534,0.65,2.0,0.002,4,3.855013621688679,15.420054486754715,34.69512259519811,61.68021794701886,0.0959053116717678,0.0510369381099283,0.9416495497429163,3.855013621688679,3.7930944,0.0619192250974922,15.420054486754715,15.014632,0.405422261718094,34.69512259519811,33.650524,1.0445984557938104,61.68021794701886,60.903805,0.7764131679661261,0.0959053116717678,0.061907317,0.0339979941823821,0.0510369381099283,0.030816115,0.0202208226709901
2.520096771522275,0.0222574115410208,0.0103001010979648,206148660382.3228,7930.500225031477,0.0474436301192985,6.36244661309509,3.8725606569062414,0.65,2.0,0.002,4,3.749525168065405,14.99810067226162,33.74572651258865,59.992402689046486,0.0610179422162491,0.0331257359560026,1.032813618611958,3.749525168065405,3.7567422,-0.0072170709330081,14.99810067226162,15.041963,-0.0438619513345717,33.74572651258865,33.959984,-0.2142573130949472,59.992402689046486,59.887928,0.1044746800132827,0.0610179422162491,0.02578387,0.0352340718470531,0.0331257359560026,0.013128401,0.019997335175742
2.90541351762965,0.0463584462067255,0.0064598846431946,206661859253.17743,7603.809212678194,0.0404151584572533,5.303965858683312,1.9565295442800248,0.65,2.0,0.002,4,1.8090587522250845,7.236235008900337,16.28152877002576,28.94494003560135,0.12657816747043,0.0627941426076313,1.0815179672155788,1.8090587522250845,1.6458541,0.1632046367389394,7.236235008900337,6.553536,0.6826990706373977,16.28152877002576,14.85178,1.429748832281618,28.94494003560135,26.19118,2.753760760088653,0.12657816747043,0.08386067,0.0427174944600807,0.0627941426076313,0.043507103,0.0192870397307296
2.1765159999384416,0.0611657819063269,0.005184540288329,198172718473.66983,7930.159804478529,0.018291156140484,4.639626009805656,2.471315591820922,0.65,2.0,0.002,4,2.4808285055534465,9.923314022213786,22.32745654998102,39.69325608885514,0.0985140488485558,0.0443862936954511,0.9961654287222075,2.4808285055534465,2.5580585,-0.0772299947364705,9.923314022213786,10.251542,-0.328228069155843,22.32745654998102,23.149502,-0.8220452505560907,39.69325608885514,40.826893,-1.133636763928067,0.0985140488485558,0.04786857,0.0506454803983433,0.0443862936954511,0.025147444,0.0192388500581992
2.34729107323243,0.0366629909497522,0.0050361221572544,193779848749.82416,7881.916937045176,0.0226900977354135,2.2698239825669373,2.1274503909800857,0.65,2.0,0.002,4,2.055085973228175,8.2203438929127,18.495773759053574,32.8813755716508,0.0967923034095716,0.0451798347561757,1.0352123554413828,2.055085973228175,2.1407883,-0.0857023434985095,8.2203438929127,8.264604,-0.0442597218944289,18.495773759053574,18.56918,-0.0734057758585358,32.8813755716508,34.534863,-1.653486946659747,0.0967923034095716,0.05493528,0.04185702317595,0.0451798347561757,0.028721478,0.0164583569198052
1.6847850595223846,0.0273477680291927,0.0060430779952623,214683667678.5342,7899.285515937925,0.0332408160772459,5.017927462454067,5.149560634351778,0.65,2.0,0.002,4,5.032734798598193,20.130939194392774,45.29461318738374,80.5237567775711,0.0527325291980679,0.0280424458243544,1.0232131913221665,5.032734798598193,5.1815085,-0.1487737425089843,20.130939194392774,20.671368,-0.5404284508708983,45.29461318738374,46.56298,-1.26836746447173,80.5237567775711,82.84409,-2.320336545182812,0.0527325291980679,0.026373154,0.0263593756456549,0.0280424458243544,0.013572093,0.0144703527249987
2.9511703417530266,0.0480940721394493,0.0066180382760944,208829572385.88815,7984.587281793375,0.0400414821862411,6.279608260252712,2.289892841565216,0.65,2.0,0.002,4,1.7621372684560792,7.048549073824317,15.859235416104712,28.194196295297267,0.0604082119985348,0.0303357724565455,1.2994974242679387,1.7621372684560792,1.6092635,0.1528737291418092,7.048549073824317,6.317883,0.7306660591453618,15.859235416104712,14.095631,1.7636047703527584,28.194196295297267,26.127993,2.0662036652923845,0.0604082119985348,0.034002293,0.0264059190972572,0.0303357724565455,0.017583631,0.0127521414774843
2.003695146635013,0.0218688153841495,0.0092209316719182,206274402014.57928,7653.840959863297,0.0370620294671937,6.2517237399869,5.263046232317946,0.65,2.0,0.002,4,5.406593487330929,21.62637394932372,48.65934138597837,86.50549579729487,0.0452556505234549,0.0249833880349037,0.9734495934733485,5.406593487330929,5.141563,0.2650305486407438,21.62637394932372,20.484648,1.1417261984692288,48.65934138597837,46.143917,2.515424302238138,86.50549579729487,82.341194,4.164301644462839,0.0452556505234549,0.026456974,0.0187986760766813,0.0249833880349037,0.013749116,0.0112342719345328
2.37253771035544,0.0670361553520075,0.0059881110193412,204398423812.0244,7916.171862405229,0.0101593804000371,9.026358955376809,2.320373317270184,0.65,2.0,0.002,4,2.451173278605219,9.804693114420877,22.06055950744697,39.21877245768351,0.1549682266181138,0.0712397021824571,0.9466378152549607,2.451173278605219,2.729861,-0.2786877424366509,9.804693114420877,10.810441,-1.0057479027300025,22.06055950744697,23.9309,-1.8703410662834976,39.21877245768351,44.478024,-5.259251071369228,0.1549682266181138,0.12034867,0.0346195570295479,0.0712397021824571,0.060662992,0.010576709883854
2.6310098189245985,0.0624534912933277,0.0088133143169776,198649476027.79456,7864.281999154464,0.0314511240703236,8.862466310518299,3.0551551415659883,0.65,2.0,0.002,4,2.90160137349155,11.6064054939662,26.114412361423955,46.4256219758648,0.0643182230866209,0.0322949355780003,1.052920352698091,2.90160137349155,2.9463947,-0.0447933084389919,11.6064054939662,11.825166,-0.2187602546299913,26.114412361423955,26.529243,-0.4148311078143258,46.4256219758648,47.208897,-0.7832746610980905,0.0643182230866209,0.04302459,0.0212936347103372,0.0322949355780003,0.022112899,0.0101820370494244
2.0300258228548023,0.0241085770233366,0.0054697689780693,214419553396.61533,7689.713390335259,0.0286564557507694,7.790210698660789,2.084156571284536,0.65,2.0,0.002,4,3.178134187154344,12.712536748617376,28.603207684389098,50.85014699446951,0.0563825542148672,0.02854838595282,0.655779916313307,3.178134187154344,3.400501,-0.22236682564778,12.712536748617376,13.613893,-0.9013558066194404,28.603207684389098,30.902481,-2.299273394712465,50.85014699446951,53.996372,-3.146225228430879,0.0563825542148672,0.037734058,0.018648496460589,0.02854838595282,0.01885074,0.0096976459075109
2.913770473835525,0.026552082824122,0.0050605679810162,193197744565.52237,7686.620037912005,0.0299124450173512,2.874924424643744,1.9494209528928212,0.65,2.0,0.002,4,1.3550370193236496,5.420148077294599,12.195333173912848,21.680592309178397,0.0863990689536571,0.0410992394309355,1.438647745480674,1.3550370193236496,1.2559224,0.0991145826094772,5.420148077294599,4.861962,0.5581862357113474,12.195333173912848,10.784733,1.4106003553093327,21.6805923091784,20.460695,1.2198970424547646,0.0863990689536571,0.059382018,0.0270170512517928,0.0410992394309355,0.031938493,0.0091607461791349
1.871555454512986,0.0664105741022621,0.0050103688387061,200041064458.26773,7673.736325425524,0.0341078885624945,6.835651743412401,3.649574312436091,0.65,2.0,0.002,4,3.311690133209241,13.246760532836966,29.80521119888318,52.98704213134786,0.0439182921568043,0.025475870964637,1.1020277156484501,3.311690133209241,3.3595445,-0.0478543824005002,13.246760532836966,13.307174,-0.0604131961059053,29.80521119888318,29.86552,-0.0603092784117436,52.98704213134786,53.937237,-0.9501946545408088,0.0439182921568043,0.032583967,0.0113343253055698,0.025475870964637,0.016631467,0.008844403696766
2.811094096870918,0.0538081697637488,0.0060177317435599,190833017377.876,7883.287592163506,0.0272333582589053,5.530664627934899,2.1642175294615225,0.65,2.0,0.002,4,1.69896481582231,6.79585926328924,15.290683342400792,27.18343705315696,0.0668823166447299,0.0347879305254752,1.273844819684525,1.69896481582231,1.6239568,0.0750080163151689,6.79585926328924,6.26883,0.5270294407489571,15.290683342400792,14.013081,1.2776027454769636,27.18343705315696,26.374636,0.8088013567458283,0.0668823166447299,0.05032809,0.016554225857796,0.0347879305254752,0.02624262,0.0085453111451203
2.4429668056319898,0.0524124195904895,0.0061726122382197,201743309938.4937,7621.635149150771,0.0081813247699204,4.906115282499394,2.653417986003088,0.65,2.0,0.002,4,2.4128960423994736,9.651584169597896,21.716064381595263,38.60633667839158,0.0867504660468966,0.0448129175148035,1.0996818509281612,2.4128960423994736,2.336631,0.0762649827528672,9.651584169597896,9.311406,0.3401780340388143,21.716064381595263,21.011486,0.7045783281284663,38.60633667839158,37.308064,1.2982731713115,0.0867504660468966,0.07349028,0.0132601891141802,0.0448129175148035,0.03778301,0.0070299057207132
2.459637842127608,0.0321633052737609,0.0081700968989296,219121709616.2255,7773.844144294882,0.0131816953815697,3.381492431616909,2.975716130038085,0.65,2.0,0.002,4,3.251164306111213,13.004657224444854,29.26047875500092,52.018628897779415,0.0430041175307428,0.0236641386342238,0.9152770668786662,3.251164306111213,3.2522237,-0.0010594239760672,13.004657224444854,13.107129,-0.1024718725400095,29.26047875500092,29.441833,-0.1813547410928286,52.018628897779415,51.908115,0.1105135108165242,0.0430041175307428,0.032865044,0.0101390738011991,0.0236641386342238,0.017288113,0.0063760256213139
2.983540268505408,0.0541062446825431,0.0067254140364554,181817230191.1504,7916.125803897611,0.024063274643083,2.543447617229025,1.3558935772182028,0.65,2.0,0.002,4,1.641896009204116,6.567584036816464,14.777064082837043,26.27033614726585,0.0452212868032776,0.0246420056599265,0.8258096551897045,1.641896009204116,1.6619273,-0.02003133321074,6.567584036816464,6.786938,-0.2193541536437413,14.777064082837043,15.442898,-0.6658337137938162,26.27033614726585,26.289995,-0.0196590462155938,0.0452212868032776,0.03491587,0.0103054186103664,0.0246420056599265,0.018321663,0.0063203425186758
2.719169221514902,0.0470483843236066,0.005372900634657,218918020760.4694,7604.028572998493,0.0435258352260517,4.190995150947578,1.312492254716496,0.65,2.0,0.002,4,1.7680090257619416,7.072036103047767,15.912081231857474,28.288144412191063,0.0635576442395264,0.0347494063100534,0.7423560827981995,1.7680090257619416,1.8474041,-0.0793950965906584,7.072036103047767,7.3582444,-0.2862083160501329,15.912081231857474,16.743282,-0.8312010862577601,28.288144412191063,29.272448,-0.9843031738685076,0.0635576442395264,0.054141197,0.0094164468859249,0.0347494063100534,0.028432438,0.0063169681600051
2.939180988465236,0.027839428134749,0.0072890018388618,205146535393.41748,7660.771970941128,0.0106723754712394,6.737789793944384,2.600747232741041,0.65,2.0,0.002,4,1.9798873455519888,7.919549382207957,17.818986109967906,31.678197528831827,0.0941693071010605,0.0449022569114365,1.31358344129219,1.9798873455519888,1.6015092,0.3783781321044179,7.919549382207957,6.243233,1.6763161783200171,17.818986109967906,13.5268135,4.292172602887828,31.678197528831827,26.621004,5.057193424217569,0.0941693071010605,0.071719,0.022450308847715,0.0449022569114365,0.03950361,0.0053986452871956
2.815209782780965,0.0681632363173019,0.0089904630893249,190965375747.54437,7701.891340046987,0.0110767143225306,9.44360384422674,2.365880425697972,0.65,2.0,0.002,4,2.5613469639474733,10.245387855789891,23.05212267552726,40.98155142315957,0.0889863865616995,0.0432868700469643,0.923686036682725,2.5613469639474733,2.4110081,0.1503388443643434,10.245387855789891,9.911944,0.3334434664466297,23.05212267552726,22.353954,0.6981683603417146,40.98155142315957,38.305973,2.675578370181057,0.0889863865616995,0.08300807,0.0059783132913786,0.0432868700469643,0.039060146,0.0042267244304329
2.813531055216855,0.07375512925914,0.0058723782876374,187578799343.1282,7758.315957684757,0.0203490299576806,5.303168063069913,1.1243508187487927,0.65,2.0,0.002,4,1.6540475738506275,6.616190295402511,14.886428164655651,26.464761181610044,0.0461993728288602,0.0243109014885833,0.6797572430950706,1.6540475738506275,1.7568833,-0.1028356897373241,6.616190295402511,7.361506,-0.7453156898574989,14.886428164655651,16.729053,-1.8426253326588016,26.464761181610044,27.586885,-1.1221242706604642,0.0461993728288602,0.038240977,0.0079583961972188,0.0243109014885833,0.02062974,0.0036811620997597
2.52784101362926,0.0625922752662304,0.0099653321724514,205023318981.53757,7678.114991789254,0.0168632473671069,9.479340129634716,3.448588058078513,0.65,2.0,0.002,4,3.654229721327012,14.61691888530805,32.88806749194311,58.4676755412322,0.051691310956815,0.026566094994101,0.9437250312840701,3.654229721327012,3.835643,-0.1814133317277977,14.61691888530805,15.236371,-0.6194521550361891,32.88806749194311,34.27728,-1.3892114082033729,58.4676755412322,61.465427,-2.997751857449444,0.051691310956815,0.04712374,0.0045675695982963,0.026566094994101,0.02416166,0.0024044358129829
2.964472843905281,0.036638239626982,0.0091608050667715,204412195886.74133,7630.472674569401,0.0317891961477605,9.690021993177645,1.7969930297860186,0.65,2.0,0.002,4,2.44650227695198,9.78600910780792,22.018520492567824,39.14403643123168,0.0590871401965537,0.0294644072985578,0.7345151675169644,2.44650227695198,2.304755,0.1417473044940944,9.78600910780792,9.110747,0.6752617704666122,22.018520492567824,20.51273,1.5057908477924329,39.14403643123168,36.971455,2.172581810870355,0.0590871401965537,0.051753417,0.0073337235391058,0.0294644072985578,0.027488796,0.001975611258142
2.7140266716018475,0.041736368411239,0.0071629247168372,212188284000.16788,7623.8600527451,0.0232183777520734,8.21121521826527,3.04961568197778,0.65,2.0,0.002,4,2.3262943217981635,9.305177287192654,20.93664889618347,37.22070914877062,0.0532272487559678,0.0253911774587157,1.3109328658037167,2.3262943217981635,2.3403141,-0.0140198280584038,9.305177287192654,9.37596,-0.0707830628439669,20.93664889618347,21.074627,-0.1379780264239514,37.22070914877062,37.513844,-0.2931343876063366,0.0532272487559678,0.04626276,0.0069644890406491,0.0253911774587157,0.023903685,0.001487492768121
