model,architecture,learning_rate,batch_size,output,rmse,mae,r2,best_validation_loss,epochs,training_time_seconds,prediction_time_seconds
NN1_baseline,64-64-32,0.001,64,f1,0.3138944813395003,0.2188682422318351,0.9982124926826151,0.08024421334266663,273,36.80645549998735,0.0006346250011119992
NN1_baseline,64-64-32,0.001,64,f2,1.276724891817682,0.9046551255240382,0.9981517737400479,0.08024421334266663,273,36.80645549998735,0.0006346250011119992
NN1_baseline,64-64-32,0.001,64,f3,2.857471727377416,1.9967793259478328,0.9981712289718366,0.08024421334266663,273,36.80645549998735,0.0006346250011119992
NN1_baseline,64-64-32,0.001,64,f4,5.008038977132648,3.489864871579802,0.9982226379499647,0.08024421334266663,273,36.80645549998735,0.0006346250011119992
NN1_baseline,64-64-32,0.001,64,peak_displacement,0.01213225609844705,0.00382642237962961,0.7076045697832949,0.08024421334266663,273,36.80645549998735,0.0006346250011119992
NN1_baseline,64-64-32,0.001,64,rms_displacement,0.006087714296680205,0.0019754129273102006,0.7086807279286933,0.08024421334266663,273,36.80645549998735,0.0006346250011119992
NN2_smaller,32-32,0.001,64,f1,0.35934489283109267,0.2741830071950433,0.9976573715062549,0.13077646493911743,122,11.121705375000602,0.0002651670074556023
NN2_smaller,32-32,0.001,64,f2,1.3965842795585206,1.049586676190848,0.9977884600789261,0.13077646493911743,122,11.121705375000602,0.0002651670074556023
NN2_smaller,32-32,0.001,64,f3,3.114110429966267,2.3511406960638,0.997827981765213,0.13077646493911743,122,11.121705375000602,0.0002651670074556023
NN2_smaller,32-32,0.001,64,f4,5.556390910054364,4.124637644192019,0.9978121069602685,0.13077646493911743,122,11.121705375000602,0.0002651670074556023
NN2_smaller,32-32,0.001,64,peak_displacement,0.015533566129345148,0.00557223030062575,0.520675328061045,0.13077646493911743,122,11.121705375000602,0.0002651670074556023
NN2_smaller,32-32,0.001,64,rms_displacement,0.007800463004044001,0.002871157007052229,0.5216988177701425,0.13077646493911743,122,11.121705375000602,0.0002651670074556023
NN3_wider,128-64-32,0.001,64,f1,0.480296175260519,0.32034673316778867,0.9958149685679752,0.1382731944322586,78,11.472147125023184,0.0015931249945424497
NN3_wider,128-64-32,0.001,64,f2,1.7822187565946477,1.169238485671009,0.9963985075804142,0.1382731944322586,78,11.472147125023184,0.0015931249945424497
NN3_wider,128-64-32,0.001,64,f3,4.153008791265676,2.7412483311054747,0.9961370316520207,0.1382731944322586,78,11.472147125023184,0.0015931249945424497
NN3_wider,128-64-32,0.001,64,f4,7.056936660307812,4.638877956040726,0.9964708270550011,0.1382731944322586,78,11.472147125023184,0.0015931249945424497
NN3_wider,128-64-32,0.001,64,peak_displacement,0.01515881136898917,0.005451970298115782,0.5435242193712515,0.1382731944322586,78,11.472147125023184,0.0015931249945424497
NN3_wider,128-64-32,0.001,64,rms_displacement,0.007652887272949431,0.002918176166299869,0.5396254324463278,0.1382731944322586,78,11.472147125023184,0.0015931249945424497
NN4_larger,128-128-64,0.001,64,f1,0.4379646658203372,0.26786772613637355,0.9965201652929186,0.13172566890716553,89,15.197964749997482,0.0011192919919267297
NN4_larger,128-128-64,0.001,64,f2,1.7842279786974489,1.081119694883073,0.9963903825653604,0.13172566890716553,89,15.197964749997482,0.0011192919919267297
NN4_larger,128-128-64,0.001,64,f3,3.98896377511395,2.4552754148290967,0.9964361810437773,0.13172566890716553,89,15.197964749997482,0.0011192919919267297
NN4_larger,128-128-64,0.001,64,f4,7.19166704120864,4.270478262379799,0.9963347833824101,0.13172566890716553,89,15.197964749997482,0.0011192919919267297
NN4_larger,128-128-64,0.001,64,peak_displacement,0.015249967552904652,0.005034977258312996,0.5380177584733415,0.13172566890716553,89,15.197964749997482,0.0011192919919267297
NN4_larger,128-128-64,0.001,64,rms_displacement,0.00771604569917714,0.0025781803177190874,0.5319952362039593,0.13172566890716553,89,15.197964749997482,0.0011192919919267297
NN5_low_learning_rate,64-64-32,0.0001,64,f1,0.45074829528851085,0.2987820972473917,0.9963140566727337,0.12851925194263458,346,47.16881662499509,0.0006484999903477728
NN5_low_learning_rate,64-64-32,0.0001,64,f2,1.762343632422705,1.165228054168756,0.9964783866431778,0.12851925194263458,346,47.16881662499509,0.0006484999903477728
NN5_low_learning_rate,64-64-32,0.0001,64,f3,4.045128523476225,2.694378789978549,0.9963351171368954,0.12851925194263458,346,47.16881662499509,0.0006484999903477728
NN5_low_learning_rate,64-64-32,0.0001,64,f4,7.1389120196660665,4.710940964096083,0.9963883591061502,0.12851925194263458,346,47.16881662499509,0.0006484999903477728
NN5_low_learning_rate,64-64-32,0.0001,64,peak_displacement,0.015083909275583948,0.005312561396370166,0.5480241130857587,0.12851925194263458,346,47.16881662499509,0.0006484999903477728
NN5_low_learning_rate,64-64-32,0.0001,64,rms_displacement,0.007609294221289913,0.002792595006759557,0.5448553468070976,0.12851925194263458,346,47.16881662499509,0.0006484999903477728
NN6_high_learning_rate,64-64-32,0.01,64,f1,0.591255781143981,0.4137210730712659,0.9936579265414445,0.14042367041110992,69,9.7374718329811,0.0005547089967876673
NN6_high_learning_rate,64-64-32,0.01,64,f2,2.37512278683656,1.6581941556936028,0.9936036441407785,0.14042367041110992,69,9.7374718329811,0.0005547089967876673
NN6_high_learning_rate,64-64-32,0.01,64,f3,5.353480050092049,3.7477720078496883,0.993580993344253,0.14042367041110992,69,9.7374718329811,0.0005547089967876673
NN6_high_learning_rate,64-64-32,0.01,64,f4,9.36531786241231,6.665120903497665,0.9937843643845993,0.14042367041110992,69,9.7374718329811,0.0005547089967876673
NN6_high_learning_rate,64-64-32,0.01,64,peak_displacement,0.015817356899570093,0.005564061405849867,0.5030012796217433,0.14042367041110992,69,9.7374718329811,0.0005547089967876673
NN6_high_learning_rate,64-64-32,0.01,64,rms_displacement,0.007969025029737977,0.002974141133286204,0.5008040269775846,0.14042367041110992,69,9.7374718329811,0.0005547089967876673
NN7_small_batch,64-64-32,0.001,32,f1,0.41856501743350444,0.2930144132776426,0.9968216163036566,0.1293174773454666,85,18.078308791999007,0.0017832500161603093
NN7_small_batch,64-64-32,0.001,32,f2,1.6595646938528252,1.1620274923521683,0.9968771662894526,0.1293174773454666,85,18.078308791999007,0.0017832500161603093
NN7_small_batch,64-64-32,0.001,32,f3,3.5692755627489565,2.4899104831650196,0.9971466463259196,0.1293174773454666,85,18.078308791999007,0.0017832500161603093
NN7_small_batch,64-64-32,0.001,32,f4,6.331013099716126,4.4246051348363595,0.9971595514534839,0.1293174773454666,85,18.078308791999007,0.0017832500161603093
NN7_small_batch,64-64-32,0.001,32,peak_displacement,0.015309269504466228,0.005390528991861155,0.5344177880258942,0.1293174773454666,85,18.078308791999007,0.0017832500161603093
NN7_small_batch,64-64-32,0.001,32,rms_displacement,0.007706870499511762,0.0027971858347466912,0.5331075894185106,0.1293174773454666,85,18.078308791999007,0.0017832500161603093
NN8_large_batch,64-64-32,0.001,128,f1,0.48463549078757917,0.32561055858540633,0.9957390062415707,0.12478785216808319,135,10.73941675000242,0.0005993340164422989
NN8_large_batch,64-64-32,0.001,128,f2,1.9580494195393907,1.2917521881774163,0.9956528184018322,0.12478785216808319,135,10.73941675000242,0.0005993340164422989
NN8_large_batch,64-64-32,0.001,128,f3,4.232163699201731,2.783750736619454,0.995988374674761,0.12478785216808319,135,10.73941675000242,0.0005993340164422989
NN8_large_batch,64-64-32,0.001,128,f4,7.797992903765521,5.051253717447188,0.9956907055142059,0.12478785216808319,135,10.73941675000242,0.0005993340164422989
NN8_large_batch,64-64-32,0.001,128,peak_displacement,0.016262128975769348,0.005738857960156148,0.4746578529024005,0.12478785216808319,135,10.73941675000242,0.0005993340164422989
NN8_large_batch,64-64-32,0.001,128,rms_displacement,0.0081649982406433,0.002953964157581376,0.4759498103773956,0.12478785216808319,135,10.73941675000242,0.0005993340164422989
