model,frequency_ratio,distance_from_resonance,test_region,output,rmse,mae,r2,number_of_test_samples,prediction_time_seconds
standard_NN,0.5,0.5,seen_off_resonance,f1,0.3245871262057811,0.23748919476426425,0.9980886375519552,750,0.0010862080016522668
standard_NN,0.5,0.5,seen_off_resonance,f2,1.3164435987791805,0.9613460318992962,0.9980349889397219,750,0.0010862080016522668
standard_NN,0.5,0.5,seen_off_resonance,f3,2.9147481786706066,2.1442030244887538,0.9980971807866086,750,0.0010862080016522668
standard_NN,0.5,0.5,seen_off_resonance,f4,5.221589664523286,3.873231960006273,0.998067827118135,750,0.0010862080016522668
standard_NN,0.5,0.5,seen_off_resonance,peak_displacement,0.0045934912951903556,0.001700451484483503,0.7640358420321978,750,0.0010862080016522668
standard_NN,0.5,0.5,seen_off_resonance,rms_displacement,0.002163242281614189,0.000728366279009576,0.8550772151673937,750,0.0010862080016522668
standard_NN,0.8,0.19999999999999996,seen_off_resonance,f1,0.3260897020941138,0.22753185275428625,0.998070900467897,750,0.0008583329981775023
standard_NN,0.8,0.19999999999999996,seen_off_resonance,f2,1.3262551151406645,0.9144911246148488,0.9980055891468461,750,0.0008583329981775023
standard_NN,0.8,0.19999999999999996,seen_off_resonance,f3,2.9174091763051027,2.023168559737274,0.9980937048714279,750,0.0008583329981775023
standard_NN,0.8,0.19999999999999996,seen_off_resonance,f4,5.226951760652143,3.6442232533094945,0.9980638567500907,750,0.0008583329981775023
standard_NN,0.8,0.19999999999999996,seen_off_resonance,peak_displacement,0.014033000222605447,0.004664596218378016,0.6538024258503132,750,0.0008583329981775023
standard_NN,0.8,0.19999999999999996,seen_off_resonance,rms_displacement,0.008155204667183984,0.002691870611190101,0.6144625250410117,750,0.0008583329981775023
standard_NN,0.9,0.09999999999999998,unseen_near_resonance,f1,0.3363836127910633,0.23174773558679052,0.9979471835041378,750,0.0008055409998632967
standard_NN,0.9,0.09999999999999998,unseen_near_resonance,f2,1.3634517072187509,0.927963139352566,0.9978921485294294,750,0.0008055409998632967
standard_NN,0.9,0.09999999999999998,unseen_near_resonance,f3,2.996271308082176,2.0455420717871045,0.9979892516551001,750,0.0008055409998632967
standard_NN,0.9,0.09999999999999998,unseen_near_resonance,f4,5.342920808875768,3.672460958003388,0.9979769902454313,750,0.0008055409998632967
standard_NN,0.9,0.09999999999999998,unseen_near_resonance,peak_displacement,0.03104694977696249,0.011864271623121288,0.3819935691253685,750,0.0008055409998632967
standard_NN,0.9,0.09999999999999998,unseen_near_resonance,rms_displacement,0.015971234378918862,0.006467012911422853,0.3703487484707033,750,0.0008055409998632967
standard_NN,0.95,0.050000000000000044,unseen_near_resonance,f1,0.34388436132248285,0.23478570659353568,0.9978546146050191,750,0.0007510829964303412
standard_NN,0.95,0.050000000000000044,unseen_near_resonance,f2,1.3902423080767459,0.9356057876772836,0.9978084999403963,750,0.0007510829964303412
standard_NN,0.95,0.050000000000000044,unseen_near_resonance,f3,3.053729667214678,2.0658513959186915,0.9979113934992278,750,0.0007510829964303412
standard_NN,0.95,0.050000000000000044,unseen_near_resonance,f4,5.4350776069553275,3.7058363765206495,0.9979066010510111,750,0.0007510829964303412
standard_NN,0.95,0.050000000000000044,unseen_near_resonance,peak_displacement,0.04157170445655674,0.018019067336417567,0.25641920257325657,750,0.0007510829964303412
standard_NN,0.95,0.050000000000000044,unseen_near_resonance,rms_displacement,0.019668038392750428,0.009138396199975425,0.2587249093573539,750,0.0007510829964303412
standard_NN,1.0,0.0,unseen_near_resonance,f1,0.34940263778951486,0.23751553668609798,0.9977852086109533,750,0.0007340000011026859
standard_NN,1.0,0.0,unseen_near_resonance,f2,1.4086232689429172,0.9425871369453622,0.9977501674207142,750,0.0007340000011026859
standard_NN,1.0,0.0,unseen_near_resonance,f3,3.0933334761685,2.081106120510666,0.9978568679461028,750,0.0007340000011026859
standard_NN,1.0,0.0,unseen_near_resonance,f4,5.5009186569498745,3.7287495278727874,0.9978555745717635,750,0.0007340000011026859
standard_NN,1.0,0.0,unseen_near_resonance,peak_displacement,0.04657168721909045,0.022754961483364894,0.1720218709886795,750,0.0007340000011026859
standard_NN,1.0,0.0,unseen_near_resonance,rms_displacement,0.021201699892029528,0.010743647581009834,0.19144632695163166,750,0.0007340000011026859
standard_NN,1.05,0.050000000000000044,unseen_near_resonance,f1,0.35154568138213144,0.23920930603942944,0.9977579566679688,750,0.0006510000021080486
standard_NN,1.05,0.050000000000000044,unseen_near_resonance,f2,1.4136526418957116,0.9473129573769429,0.997734073057587,750,0.0006510000021080486
standard_NN,1.05,0.050000000000000044,unseen_near_resonance,f3,3.1017333760400074,2.091189268570958,0.997845212858147,750,0.0006510000021080486
standard_NN,1.05,0.050000000000000044,unseen_near_resonance,f4,5.514377340099987,3.741784779003178,0.9978450685270933,750,0.0006510000021080486
standard_NN,1.05,0.050000000000000044,unseen_near_resonance,peak_displacement,0.04101311738765447,0.01776030030916945,0.25255893141476304,750,0.0006510000021080486
standard_NN,1.05,0.050000000000000044,unseen_near_resonance,rms_displacement,0.019418033866109633,0.009035251590570063,0.2520062334502148,750,0.0006510000021080486
standard_NN,1.1,0.10000000000000009,unseen_near_resonance,f1,0.35057814749085325,0.24010612654118327,0.9977702809142037,750,0.0006412920047296211
standard_NN,1.1,0.10000000000000009,unseen_near_resonance,f2,1.40740580757205,0.948014997418264,0.997754054763246,750,0.0006412920047296211
standard_NN,1.1,0.10000000000000009,unseen_near_resonance,f3,3.084915938777795,2.0928011575175156,0.997868515800676,750,0.0006412920047296211
standard_NN,1.1,0.10000000000000009,unseen_near_resonance,f4,5.48197819751212,3.731492723701701,0.9978703162835726,750,0.0006412920047296211
standard_NN,1.1,0.10000000000000009,unseen_near_resonance,peak_displacement,0.030152083557513303,0.011711073507656147,0.37160558988613956,750,0.0006412920047296211
standard_NN,1.1,0.10000000000000009,unseen_near_resonance,rms_displacement,0.015769649740282297,0.00640019090467903,0.35350494749959593,750,0.0006412920047296211
standard_NN,1.2,0.19999999999999996,seen_off_resonance,f1,0.34440667879420495,0.23985159000343753,0.9978480925097668,750,0.000852041004691273
standard_NN,1.2,0.19999999999999996,seen_off_resonance,f2,1.3794676445551917,0.9466368524797965,0.9978423374578835,750,0.000852041004691273
standard_NN,1.2,0.19999999999999996,seen_off_resonance,f3,3.0125953440016033,2.082370694054962,0.9979672823886152,750,0.000852041004691273
standard_NN,1.2,0.19999999999999996,seen_off_resonance,f4,5.351042447411067,3.7121966875246035,0.9979708353192781,750,0.000852041004691273
standard_NN,1.2,0.19999999999999996,seen_off_resonance,peak_displacement,0.014289509258041937,0.005106663668877626,0.6148713160122579,750,0.000852041004691273
standard_NN,1.2,0.19999999999999996,seen_off_resonance,rms_displacement,0.008110623802352376,0.002777066986842114,0.5795613203725112,750,0.000852041004691273
standard_NN,1.5,0.5,seen_off_resonance,f1,0.3044956827624676,0.2270169606848031,0.9983179351071161,750,0.0009174160004477017
standard_NN,1.5,0.5,seen_off_resonance,f2,1.2207116432426703,0.9031871482645393,0.9983103892700542,750,0.0009174160004477017
standard_NN,1.5,0.5,seen_off_resonance,f3,2.6227437546263084,1.9356199289227243,0.9984593387061931,750,0.0009174160004477017
standard_NN,1.5,0.5,seen_off_resonance,f4,4.658445260765778,3.479852892076783,0.9984621198347281,750,0.0009174160004477017
standard_NN,1.5,0.5,seen_off_resonance,peak_displacement,0.0031796708833141947,0.0009996169551780788,0.8978129719546032,750,0.0009174160004477017
standard_NN,1.5,0.5,seen_off_resonance,rms_displacement,0.0015788480551660292,0.00048334466317415413,0.8912581276245971,750,0.0009174160004477017
physics_guided_NN,0.5,0.5,seen_off_resonance,f1,0.11286996461330637,0.0893904509586617,0.9997688801508151,750,0.0009175840023090132
physics_guided_NN,0.5,0.5,seen_off_resonance,f2,0.43300747439106213,0.3326265302928969,0.9997874058689498,750,0.0009175840023090132
physics_guided_NN,0.5,0.5,seen_off_resonance,f3,0.9168792334292254,0.708149038388954,0.999811713266279,750,0.0009175840023090132
physics_guided_NN,0.5,0.5,seen_off_resonance,f4,1.7079482385277858,1.3037462402830728,0.9997932764702675,750,0.0009175840023090132
physics_guided_NN,0.5,0.5,seen_off_resonance,peak_displacement,0.0013489970876003124,0.0007588283236317587,0.9796491633176323,750,0.0009175840023090132
physics_guided_NN,0.5,0.5,seen_off_resonance,rms_displacement,0.0005204290395086244,0.00033379591134694367,0.9916121744615943,750,0.0009175840023090132
physics_guided_NN,0.8,0.19999999999999996,seen_off_resonance,f1,0.1343981242759803,0.10146605874329237,0.9996723072124549,750,0.0006815000015194528
physics_guided_NN,0.8,0.19999999999999996,seen_off_resonance,f2,0.5253760078088636,0.3969151329465169,0.9996870312630335,750,0.0006815000015194528
physics_guided_NN,0.8,0.19999999999999996,seen_off_resonance,f3,1.1853504299806696,0.9105662649925224,0.9996853056309762,750,0.0006815000015194528
physics_guided_NN,0.8,0.19999999999999996,seen_off_resonance,f4,2.0674234504953,1.5198593436790462,0.9996970999266006,750,0.0006815000015194528
physics_guided_NN,0.8,0.19999999999999996,seen_off_resonance,peak_displacement,0.005076383454547631,0.0017617465535760411,0.9546964957641986,750,0.0006815000015194528
physics_guided_NN,0.8,0.19999999999999996,seen_off_resonance,rms_displacement,0.003274949924681855,0.0010739317724958021,0.9378263739470964,750,0.0006815000015194528
physics_guided_NN,0.9,0.09999999999999998,unseen_near_resonance,f1,0.1604781328424367,0.1205715361548177,0.999532789931809,750,0.0006743749981978908
physics_guided_NN,0.9,0.09999999999999998,unseen_near_resonance,f2,0.6379056000001043,0.48420342834879065,0.9995386045425679,750,0.0006743749981978908
physics_guided_NN,0.9,0.09999999999999998,unseen_near_resonance,f3,1.4476362264502824,1.1015815794615995,0.9995306310743123,750,0.0006743749981978908
physics_guided_NN,0.9,0.09999999999999998,unseen_near_resonance,f4,2.5318304764122157,1.8895076539402456,0.9995457345061228,750,0.0006743749981978908
physics_guided_NN,0.9,0.09999999999999998,unseen_near_resonance,peak_displacement,0.01712093012144271,0.005979086711759654,0.8120640665072932,750,0.0006743749981978908
physics_guided_NN,0.9,0.09999999999999998,unseen_near_resonance,rms_displacement,0.008655481643095372,0.0034606864446630717,0.8150707602998783,750,0.0006743749981978908
physics_guided_NN,0.95,0.050000000000000044,unseen_near_resonance,f1,0.18070913575687253,0.13634286050602828,0.9994075650306933,750,0.0006826669996371493
physics_guided_NN,0.95,0.050000000000000044,unseen_near_resonance,f2,0.7141528363788071,0.5440169727891196,0.9994217138169924,750,0.0006826669996371493
physics_guided_NN,0.95,0.050000000000000044,unseen_near_resonance,f3,1.63858355285134,1.253204914471813,0.9993986426388494,750,0.0006826669996371493
physics_guided_NN,0.95,0.050000000000000044,unseen_near_resonance,f4,2.8563310729561895,2.1338640883657174,0.9994218272869593,750,0.0006826669996371493
physics_guided_NN,0.95,0.050000000000000044,unseen_near_resonance,peak_displacement,0.02513697277774922,0.010540882927533343,0.7281317740751863,750,0.0006826669996371493
physics_guided_NN,0.95,0.050000000000000044,unseen_near_resonance,rms_displacement,0.011246307901293178,0.005370747038880064,0.7576308996843244,750,0.0006826669996371493
physics_guided_NN,1.0,0.0,unseen_near_resonance,f1,0.20536402751543403,0.1561562227962435,0.9992348806005115,750,0.0006849589990451932
physics_guided_NN,1.0,0.0,unseen_near_resonance,f2,0.8025162944421161,0.6158465679139575,0.9992697556535687,750,0.0006849589990451932
physics_guided_NN,1.0,0.0,unseen_near_resonance,f3,1.8821716167317573,1.4334443265065413,0.9992065603695426,750,0.0006849589990451932
physics_guided_NN,1.0,0.0,unseen_near_resonance,f4,3.265259577526187,2.427478574756012,0.9992444278767039,750,0.0006849589990451932
physics_guided_NN,1.0,0.0,unseen_near_resonance,peak_displacement,0.02800366653630131,0.013653069978514874,0.7006324549050706,750,0.0006849589990451932
physics_guided_NN,1.0,0.0,unseen_near_resonance,rms_displacement,0.01173690779598609,0.006184791607180145,0.7522150786743143,750,0.0006849589990451932
physics_guided_NN,1.05,0.050000000000000044,unseen_near_resonance,f1,0.18484625244869776,0.13997115520337272,0.9993801283588966,750,0.0006463750032708049
physics_guided_NN,1.05,0.050000000000000044,unseen_near_resonance,f2,0.7128990578356215,0.5455182377910964,0.999423742532199,750,0.0006463750032708049
physics_guided_NN,1.05,0.050000000000000044,unseen_near_resonance,f3,1.6652471217964695,1.286470206865878,0.99937891243785,750,0.0006463750032708049
physics_guided_NN,1.05,0.050000000000000044,unseen_near_resonance,f4,2.887528186976192,2.146798867922908,0.9994091286030647,750,0.0006463750032708049
physics_guided_NN,1.05,0.050000000000000044,unseen_near_resonance,peak_displacement,0.02438159274843227,0.010089609277787863,0.7358470042628786,750,0.0006463750032708049
physics_guided_NN,1.05,0.050000000000000044,unseen_near_resonance,rms_displacement,0.010935254311457608,0.005205482035456469,0.7627833080440419,750,0.0006463750032708049
physics_guided_NN,1.1,0.10000000000000009,unseen_near_resonance,f1,0.1704599204631379,0.12964623388690616,0.999472861142948,750,0.0009980839968193322
physics_guided_NN,1.1,0.10000000000000009,unseen_near_resonance,f2,0.6503776995790349,0.4997549523221021,0.9995203860922928,750,0.0009980839968193322
physics_guided_NN,1.1,0.10000000000000009,unseen_near_resonance,f3,1.523814126350063,1.1831574998619425,0.9994799328296483,750,0.0009980839968193322
physics_guided_NN,1.1,0.10000000000000009,unseen_near_resonance,f4,2.6564868181241224,1.9847378954093202,0.9994999011765705,750,0.0009980839968193322
physics_guided_NN,1.1,0.10000000000000009,unseen_near_resonance,peak_displacement,0.015881040997671344,0.00544678355667998,0.8256766388518249,750,0.0009980839968193322
physics_guided_NN,1.1,0.10000000000000009,unseen_near_resonance,rms_displacement,0.008385489106631606,0.003269694894960075,0.8171992769493894,750,0.0009980839968193322
physics_guided_NN,1.2,0.19999999999999996,seen_off_resonance,f1,0.1503824520553205,0.11464433536282732,0.9995897252481177,750,0.002763917000265792
physics_guided_NN,1.2,0.19999999999999996,seen_off_resonance,f2,0.5627543677225748,0.42759030926911934,0.9996409141979804,750,0.002763917000265792
physics_guided_NN,1.2,0.19999999999999996,seen_off_resonance,f3,1.3326219108159496,1.0364544806236462,0.9996022507695964,750,0.002763917000265792
physics_guided_NN,1.2,0.19999999999999996,seen_off_resonance,f4,2.375817747900781,1.8146004220873562,0.9995999937778106,750,0.002763917000265792
physics_guided_NN,1.2,0.19999999999999996,seen_off_resonance,peak_displacement,0.004859297600559969,0.0015595879854812965,0.9554632796726619,750,0.002763917000265792
physics_guided_NN,1.2,0.19999999999999996,seen_off_resonance,rms_displacement,0.0032424890100727455,0.0009651935984392248,0.9328028005683975,750,0.002763917000265792
physics_guided_NN,1.5,0.5,seen_off_resonance,f1,0.11599676675086279,0.08968105920221797,0.9997558974952577,750,0.0009207920011249371
physics_guided_NN,1.5,0.5,seen_off_resonance,f2,0.4332034575961929,0.33168458743375007,0.9997872133812418,750,0.0009207920011249371
physics_guided_NN,1.5,0.5,seen_off_resonance,f3,0.947800391817973,0.7168670024745065,0.9997987994254364,750,0.0009207920011249371
physics_guided_NN,1.5,0.5,seen_off_resonance,f4,1.6677431820653825,1.276632843240203,0.9998028944513531,750,0.0009207920011249371
physics_guided_NN,1.5,0.5,seen_off_resonance,peak_displacement,0.0009751973788509249,0.0006187327281847168,0.9903879398652733,750,0.0009207920011249371
physics_guided_NN,1.5,0.5,seen_off_resonance,rms_displacement,0.00043947249374031203,0.0002917014556299754,0.9915748133707811,750,0.0009207920011249371
