actual_peak_displacement,predicted_peak_displacement,error_peak_displacement,actual_rms_displacement,predicted_rms_displacement,error_rms_displacement
0.0035537163708347,0.0033604356,0.00019328077137350207,0.0018668367173623,0.0019416632,-7.482649571190735e-05
0.0061209173382417,0.008356062,-0.0022351444258197507,0.0029278196685243,0.0043058083,-0.001377988670743669
0.0053186435933173,0.00448202,0.000836623434996635,0.002820590054376,0.0025259044,0.0002946856056730684
0.0066459270300925,0.009762455,-0.003116527747863509,0.0033518613871852,0.004883799,-0.0015319373834213178
0.0002914181937687,0.00055239187,-0.00026097367245332394,0.000185351405424,0.00048633112,-0.0003009797133124161
0.0012559713638756,0.0018410052,-0.0005850338068422354,0.0006072123145144,0.0009443907,-0.0003371784038451002
0.0052110600853599,0.0050542452,0.0001568148480988428,0.0024767616399103,0.0028520438,-0.00037528219553593836
0.0003562779189139,0.0009161697,-0.0005598918045819411,0.0001601930054747,0.00038100133,-0.00022080832404042933
0.0052667846196957,0.0030346944,0.0022320902665771613,0.0027349370426037,0.0018737443,0.000861192740174441
0.0008322962233817,0.0001893977,0.0006428985210388694,0.00035169445793,0.00031406392,3.763054148149628e-05
0.0234900632577201,0.02896588,-0.00547581597397126,0.0119642960333229,0.014349013,-0.0023847166023253513
0.0003189917155481,0.00027983985,3.915186644858315e-05,0.0001180333771677,0.0002162988,-9.826541767183118e-05
0.0006305740513392,0.0007802143,-0.00014964027139169887,0.0002503300297083,0.0004472349,-0.00019690486583768928
0.0216719214517747,0.022679027,-0.0010071057181681546,0.0102374025954442,0.011856033,-0.0016186299399895687
0.0032415115549485,0.00424117,-0.000999658341028282,0.0012703612274022,0.0020791015,-0.000808740284806381
0.0026040336139117,0.00259147,1.2563590294551678e-05,0.001408026651636,0.0015517735,-0.0001437468638939305
0.0001476335873221,-0.00040999218,0.00055762576622413,4.904790280904922e-05,-5.116051e-05,0.00010020841314742643
0.0039353939566326,0.0037965951,0.00013879880789040115,0.0016935033868195,0.0019794852,-0.0002859817673324164
0.0191874611705435,0.02338693,-0.004199468013654881,0.011834558380617,0.012739422,-0.0009048634191619383
0.0430041175307428,0.043698855,-0.0006947372136915583,0.0236641386342238,0.023639748,2.439076127515316e-05
0.0047768707120056,0.003910305,0.0008665657335157244,0.0019492283195955,0.0016612663,0.00028796200293575137
1.5505257108330758e-05,-0.0004654422,0.0004809474507803917,9.130186019217458e-06,-7.2561033e-06,1.638628936406118e-05
0.0097184221669327,0.010709441,-0.0009910191000212457,0.0050084951975183,0.0059855883,-0.0009770931034548767
0.0011226691117699,0.001624773,-0.0005021039118801502,0.0005077374228269,0.00080307346,-0.00029533603787495306
0.0278291828382865,0.019066649,0.008762534280504327,0.0158586446318918,0.01098201,0.004876635049670293
3.13657136574224e-05,0.00034001074,-0.0003086450243428513,1.738559044836718e-05,8.67835e-05,-6.939790650564548e-05
0.0009588654445881,0.0013448636,-0.0003859981135999808,0.0004114017392586,0.0008803446,-0.0004689428569671683
0.0005528791614672,0.0002540641,0.00029881506160402843,0.0002125299899266,0.00022096938,-8.439387624627795e-06
5.210402567520608e-05,7.431708e-06,4.4672317548091394e-05,1.614234783510892e-05,-3.8959486e-05,5.51018339540924e-05
0.0016745240663364,0.0018046035,-0.00013007943023001477,0.000820124024276,0.001270793,-0.0004506690048311534
0.0003207644041915,5.812138e-06,0.00031495226602164163,0.0001060963068559,6.450533e-05,4.1590977209264205e-05
0.0610179422162491,0.053590313,0.007427629616113297,0.0331257359560026,0.030431405,0.002694331246186621
0.0161139002143161,0.01464246,0.0014714399425999822,0.0089729294159271,0.008322532,0.0006503971271969548
0.0002760859269495,0.0004513224,-0.00017523648516881571,0.0001023009876367,0.00026974856,-0.00016744757391323176
0.0008412893334205,0.0005775017,0.00026378761360298084,0.0004622929601314,0.0005179656,-5.567262532762371e-05
0.0010605453856659,0.00084892684,0.00021161854904115846,0.0005151382196758,0.0007557872,-0.00024064896711445774
0.0002930875378121,0.00036690081,-7.38132768850464e-05,0.0001548547260525,0.00040938734,-0.0002545326170449782
0.0150253291618152,0.016463254,-0.001437924485273804,0.0074359097671304,0.008074377,-0.0006384669649805771
0.0009457456538146,0.0010886921,-0.00014294645435459802,0.0005292154861014,0.00085418654,-0.0003249710529711434
0.0001568621964532,7.879383e-05,7.806836307170363e-05,6.356414461408556e-05,0.00025174912,-0.0001881849783668965
0.0001118182888483,0.00016829347,-5.6475178292456554e-05,5.621150812716693e-05,0.00024689018,-0.00019067867215140252
0.0290887915426202,0.034436945,-0.005348153329520683,0.0131539099371442,0.016906302,-0.003752392485140881
0.0005724970021776,0.00052801217,4.4484832652572776e-05,0.0003085021973515,0.00035165186,-4.31496653778408e-05
0.000422215415964,0.00041218265,1.0032766366474392e-05,0.0001402285004203,9.856636e-05,4.166214308289596e-05
0.00020018114613,0.00035228417,-0.0001521030264198438,6.875846152524547e-05,5.3122938e-05,1.563552355491639e-05
0.0115029720158564,0.01240478,-0.0009018078877342794,0.005130794793116,0.005708795,-0.0005780002477298709
0.005784865705416,0.0075180326,-0.0017331668602969287,0.002787491657286,0.0034660625,-0.000678570823297787
0.0017031670636135,0.0016372681,6.589895064112138e-05,0.0006777865621889,0.0007924487,-0.00011466213775109598
0.0967923034095716,0.08580187,0.010990433778757996,0.0451798347561757,0.0439749,0.001204936000625316
0.019232999656255,0.019356558,-0.00012355844313407735,0.0104579709025528,0.011337497,-0.0008795263690445851
0.0047688682137197,0.0033485715,0.0014202967325365285,0.0023862163284903,0.0019554645,0.000430751846182866
0.0043352635247097,0.0038263707,0.0005088928291038259,0.0025104112520067,0.0022870905,0.00022332072883825532
0.0001961528363204,0.00029861205,-0.00010245921625435376,7.552146715998147e-05,0.00030721357,-0.0002316921060909381
0.001803498916345,0.0018531925,-4.969354158425353e-05,0.0007689441868172,0.0009558327,-0.0001868885278633823
0.0131680829387649,0.025204746,-0.012036663113857895,0.0071448756216065,0.014307233,-0.007162356952021926
0.0396939400346792,0.052745417,-0.01305147672576544,0.0202349661746362,0.028924476,-0.008689510180678053
0.1432891717733956,0.1602047,-0.016915521901645608,0.0704967901410945,0.07558681,-0.005090020566951459
0.0003953383278564,0.0008945998,-0.0004992614991500593,0.0001590627483103,0.00054622727,-0.0003871645191673614
0.0001199136320624,8.2024934e-07,0.00011909338272195034,4.486649217868252e-05,0.00011395553,-6.908903938166769e-05
0.0028914706760657,0.0032816168,-0.0003901461625832152,0.0014562367542712,0.0015076288,-5.1392071221956865e-05
0.0011848402323287,0.0010367229,0.00014811732080690764,0.0004181500411686,0.00053172285,-0.00011357280853199991
0.0016477141880633,0.0016496957,-1.9814933447477243e-06,0.0007949413008481,0.0010719997,-0.00027705836357029936
0.0047152524028116,0.005599116,-0.0008838635723895302,0.0026370878862338,0.003281343,-0.0006442551435781783
0.0012286155864118,0.0028003098,-0.0015716942113371234,0.0005710328990964,0.001429137,-0.0008581040598081643
5.843066045779509e-05,-3.5997262e-05,9.442792233310413e-05,1.875016104149639e-05,-9.3570845e-05,0.0001123210059520696
0.1538547663382672,0.16979755,-0.015942788273892533,0.0861287455147516,0.08592269,0.0002060572689782797
0.0001667538071048,0.000113437636,5.3316170931469746e-05,0.0001010433902521,0.0002314393,-0.00013039591568295503
0.0074214051378621,0.0076972507,-0.0002758455561743837,0.003210293721881,0.0036482045,-0.00043791077424934705
5.814601795745109e-05,0.00034008385,-0.00028193782886492993,3.134523541650482e-05,0.00015367666,-0.0001223314295058816
0.0001190137196533,-0.00033684517,0.0004558588922224557,5.4978306269072936e-05,0.00017130381,-0.00011632550102306063
0.0047141106264979,0.005522126,-0.0008080152397662048,0.0022291488338951,0.002600955,-0.0003718062444832198
0.0008137665189468,0.0012250796,-0.0004113131236619618,0.000363609865282,0.00084817276,-0.0004845628910956076
5.580284776677952e-05,0.00052518095,-0.0004693781011314167,2.413154160776149e-05,6.534841e-05,-4.121686779954497e-05
0.0008791162619948,0.0009754489,-9.633260903660356e-05,0.0005327910716519,0.00069897674,-0.00016618567091745712
0.0009541743468264,0.00084668514,0.00010748920363875787,0.000412933087482,0.00058606087,-0.00017312777783454002
0.0001001592821741,3.7618665e-05,6.254061680021586e-05,5.970719205522564e-05,6.360381e-05,-3.896617339182376e-06
0.0003291094769453,0.000661046,-0.0003319365344281007,0.0002166121354843,0.00056198967,-0.00034537753373808466
1.266702312552735e-05,9.22575e-05,-7.959047505589768e-05,4.32661613079639e-06,-7.760169e-05,8.192830568508165e-05
0.0005599797286812,0.00027284748,0.0002871322494718961,0.0002510507078286,0.0003436844,-9.263369027490538e-05
1.8905406619291864e-06,-0.0007133286,0.0007152191387290937,5.77192666891846e-07,-0.00056347734,0.000564054533286903
0.0172083368683871,0.021969214,-0.004760877213377122,0.0089268269409629,0.01148363,-0.0025568032244948254
0.0007430520357057,0.0008119631,-6.89110735938405e-05,0.0004322360034374,0.00054626685,-0.00011403084524968252
1.4490111019139813e-05,0.00042656506,-0.0004120749530981726,4.612300241468938e-06,-1.8528599e-05,2.3140899198814758e-05
0.0022022878431454,0.0034161455,-0.0012138576100841464,0.0010397313464146,0.0014814412,-0.0004417098524335879
0.0021957925127719,0.0016399308,0.0005558617485586954,0.0008719442600143,0.0009010579,-2.911364876284758e-05
0.0005941636064131,0.00031659962,0.00027756398963222283,0.0003216608842338,0.00036375114,-4.20902557236578e-05
0.0085035487688843,0.008274771,0.00022877749574816073,0.0041949602234061,0.0046273386,-0.000432378387183404
8.196989801032394e-05,0.0003558586,-0.00027388869058089403,2.8646142559281982e-05,2.2708036e-05,5.938106219090953e-06
2.438996549996655e-06,-0.0003691034,0.0003715423891361087,1.5712289499159052e-06,-0.0003645068,0.0003660780207613523
0.0018273986377395,0.0020648993,-0.0002375006708674823,0.0007474811340773,0.0008784959,-0.00013101478683785663
0.0006846827282828,0.0009108677,-0.0002261849757957551,0.0002607038125071,0.00032250868,-6.180487138672958e-05
0.0011521675383448,0.0005631095,0.000589058011934101,0.0003790625867089,0.00030469644,7.43661455465224e-05
0.0002526875472806,0.00033281022,-8.012267023403414e-05,0.0001123275482402,0.0003508188,-0.00023849124644614725
0.0015557462703617,0.0021616786,-0.0006059323549090243,0.0010735191178243,0.0016319925,-0.0005584734020088475
0.0087039317321548,0.0099295005,-0.0012255687880745395,0.0053228865153176,0.005708593,-0.0003857064285295794
0.0006500678503681,0.00041974406,0.00023032379278727132,0.0003157301838122,0.00046405202,-0.0001483218362942646
0.0025718652512607,0.001683384,0.0008884813040223741,0.0010011515132756,0.0008219984,0.00017915311219627314
0.0008949605186491,0.00086461543,3.03450875936734e-05,0.0005043102697453,0.0007506137,-0.0002463034201429687
0.0141006641781369,0.014654642,-0.0005539777928551884,0.0064541414037406,0.0065112086,-5.7067197555348004e-05
0.0028869724739037,0.0030257108,-0.000138738341660098,0.001775079987879,0.0020905617,-0.0003154816814408682
3.5998959313194545e-05,3.9285383e-06,3.207042105049598e-05,1.1402659725646796e-05,-2.3584284e-05,3.498694327929274e-05
0.0108901971227379,0.010214344,0.000675853455707566,0.0057073771149211,0.005817812,-0.00011043482121896042
0.0011231480443581,0.000694826,0.0004283220318808212,0.0004146033315373,0.00058970164,-0.00017509830655405557
0.0002042901783706,0.0003337569,-0.00012946672854113075,9.979472523016213e-05,0.00024106476,-0.00014127003234418753
0.0003867827748253,0.0010744387,-0.0006876559070006954,0.0001981109306169,0.00078593247,-0.0005878215380991552
0.0094807206821437,0.009710301,-0.00022958003163384144,0.0060305708981753,0.005567402,0.0004631687849462633
0.0004841523727612,0.00077225664,-0.0002881042642308969,0.0002687269975853,0.0006216104,-0.0003528833817268874
0.0005902473671949,0.0009858601,-0.00039561275889812993,0.0002477729422742,0.0007313935,-0.00048362057798044175
0.0006978634337747,0.00083391997,-0.000136056536543975,0.0002692036260709,0.00056608353,-0.00029687990435885067
0.0002913726527934,-0.00024152991,0.0005329025623380244,9.880204819574744e-05,-6.0078855e-05,0.00015888090350864247
0.0001583390564113,0.00024399602,-8.565696620707573e-05,8.89868852583374e-05,0.00020627683,-0.00011728994735575662
0.0057705266597027,0.005832322,-6.179528214986935e-05,0.0028125966633712,0.003260159,-0.0004475622703279309
0.0029918967576849,0.0032689997,-0.00027710298838441207,0.0015877821710157,0.0020506468,-0.00046286464257065435
0.0360242692880304,0.035620965,0.0004033042244584728,0.0203045007841629,0.019787198,0.0005173028515619259
9.754662266965013e-05,0.00015429476,-5.6748134852061165e-05,4.886034234012437e-05,8.3979285e-05,-3.5118942341721085e-05
0.0035557236533978,0.003051874,0.0005038496584066168,0.001711271758825,0.0016688969,4.237488348078308e-05
0.0010248442978199,0.0006745041,0.0003503402095820184,0.0004185072753014,0.000497673,-7.916572257932707e-05
0.0006666903682739,0.00078822416,-0.00012153379425997924,0.0003392612795958,0.0005520664,-0.00021280514759405676
0.0145479856855555,0.015823992,-0.0012760062836722902,0.0070821030301843,0.00798701,-0.0009049072625245741
0.0016497518985362,0.0014088673,0.00024088459339153233,0.0006505421426135,0.0007254179,-7.487577917176516e-05
0.0025465563815759,0.0020015088,0.0005450475440101203,0.0014255835410219,0.0012476061,0.00017797741722430454
0.0001944794301099,0.00077052345,-0.0005760440155708375,8.52648176757975e-05,0.00042688247,-0.00034161765281647607
2.954715334064149e-05,0.00035829027,-0.0003287431184928975,1.3857814611923316e-05,0.00011737279,-0.00010351497230533474
0.0094966624512623,0.011708943,-0.0022122807220269994,0.0053058602792893,0.0060239104,-0.0007180500829841547
0.0014063008426342,0.0008271227,0.0005791781301263559,0.0005962611359141,0.00055717054,3.909059535406312e-05
0.0058880616620181,0.0077831997,-0.0018951379984619224,0.0026836214050987,0.0040652114,-0.001381589991565681
0.0087413439507307,0.008639629,0.00010171495179547678,0.0048618842001809,0.0050667734,-0.00020488918835388434
0.0031103591169908,0.003710201,-0.0005998418931171942,0.0018734929579194,0.0020825039,-0.00020901090848489488
5.390962245978184e-05,0.00045186817,-0.0003979585446872585,1.6653896933989982e-05,0.000101741236,-8.508733906027822e-05
0.0009677155655496,0.00074538006,0.00022233550107704384,0.0005306516101594,0.00053863233,-7.980721722272103e-06
0.1399415584847196,0.15149881,-0.011557250972105665,0.0807647465710334,0.07760286,0.0031618832592658214
0.0005224422012416,9.816826e-06,0.0005126253755461477,0.0001944206251694,0.00013755081,5.68698106264806e-05
0.0122814366683881,0.011434666,0.0008467707872907831,0.005540147182967,0.0055313404,8.806811149649277e-06
7.501022966497949e-06,0.0001703312,-0.00016283017796751725,2.464121109239653e-06,-0.00012585771,0.00012832183148189623
0.0006111043165311,0.0008547751,-0.0002436707602009395,0.0002543370434921,0.0005829309,-0.00032859387948180104
0.0001197568222336,-0.00014280646,0.0002625632792399725,5.5659446316274334e-05,0.0003265611,-0.0002709016549303509
0.0089140784551873,0.008196362,0.0007177161609306128,0.005290892962084,0.0049059074,0.00038498552487868567
0.0025472347813401,0.0024973548,4.988002616200613e-05,0.0013051014989528,0.0015936178,-0.00028851633985460404
0.0007798959699697,0.00077649555,3.4004182792407535e-06,0.0003743876798453,0.0005970435,-0.00022265580693239302
0.0889863865616995,0.07965999,0.009326395595379455,0.0432868700469643,0.038542114,0.004744755848756443
0.0018134004518107,0.0016349193,0.00017848113437150142,0.0009666398149844,0.0009563999,1.0239924855876882e-05
0.0073772398086829,0.006881278,0.00049596180046032,0.0040681650111863,0.0038568564,0.00021130863525360612
0.0001830420819045,-0.0004830237,0.000666065783140152,0.000112907994169,-9.590008e-05,0.0002088080768386865
0.0007052229711243,0.00056338334,0.0001418396358766642,0.0003475707251902,0.0005910374,-0.0002434666623037978
0.0006149247278255,0.0022345253,-0.001619600552247785,0.000360343215153,0.0012920705,-0.000931727275155106
3.819729896766109e-05,0.0007166851,-0.0006784877856584175,1.3156376015703372e-05,0.00036957214,-0.0003564157628637448
0.0001249730461307,-0.0005911577,0.0007161307488598059,4.70001011013226e-05,-0.0002024562,0.0002494562992683784
0.0005821285697384,0.00030986848,0.0002722600868655563,0.0002259798641331,0.0002184895,7.490365767429553e-06
0.0033447445083038,0.0030156553,0.0003290891825781252,0.0016333122197866,0.0017130136,-7.970140591715205e-05
0.0009654001765272,0.0018979514,-0.0009325511786767861,0.00047476928586,0.0010848817,-0.0006101124324104806
0.0032401851609279,0.00320263,3.7555186815985304e-05,0.0016135898205019,0.0019286737,-0.0003150838873781797
0.0036565600972338,0.0028424596,0.0008141005024029295,0.0013548253582353,0.0012525573,0.00010226809080040493
0.002408051176181,0.0020027275,0.0004053237030263359,0.0009512165040181,0.00082732487,0.00012389163630390355
0.0145250890891151,0.015941817,-0.001416728224317593,0.008266752623768,0.008173755,9.29972536875285e-05
0.0005343290450003,0.0002400407,0.0002942883493563162,0.0003047122490164,0.00035268377,-4.7971519125614734e-05
0.002337667315171,0.0015622803,0.0007753869676002229,0.000915370152851,0.00083146436,8.390578912328137e-05
0.12657816747043,0.14186575,-0.015287577716375733,0.0627941426076313,0.07231798,-0.00952383762222328
3.720885576926503e-05,0.00093475985,-0.0008975509976384755,1.4232428834007023e-05,0.0001636176,-0.000149385173249825
0.0052435352965902,0.004574706,0.0006688294499825149,0.0032711917881521,0.0030069037,0.00026428810066008715
0.0001662571033781,7.16911e-05,9.456600161190858e-05,6.547810727220494e-05,-5.2663432e-05,0.00011814153941536787
3.177768661307464e-05,0.00034818123,-0.00031640354433430066,1.107390869344593e-05,6.4078085e-05,-5.300417672208502e-05
0.000249639490009,-5.3117765e-05,0.0003027572547734654,8.066250989349991e-05,-4.168244e-05,0.0001223449503900154
0.001292656229479,0.00093448604,0.0003581701849081963,0.0006162321584601,0.00073505664,-0.00011882448631114805
0.0060776574636114,0.0066131693,-0.000535511867492163,0.0029435441384797,0.0029405784,2.9657522921467186e-06
0.0002198132185227,7.4680297e-06,0.00021234518881517531,0.0001222256881609,0.00031064154,-0.0001884158506565355
0.0145908582400218,0.013619885,0.0009709733914271337,0.0077070339814973,0.0075073624,0.00019967157852174115
0.0072142869950008,0.00869103,-0.0014767426281500256,0.0034188463387068,0.0042184927,-0.0007996463182393821
0.0112397627006563,0.011706243,-0.00046648056848918804,0.0058662779062314,0.0067119333,-0.0008456553899424107
0.00315308902062,0.0030817587,7.133028119326798e-05,0.0015546236145767,0.0020783981,-0.0005237745162574026
0.0018343693741747,0.0018408422,-6.4728150925776225e-06,0.0010001784220899,0.0010214659,-2.1287446599219887e-05
0.0175748592387951,0.017456945,0.00011791420691376758,0.0083559726236618,0.008679678,-0.0003237051086270367
0.0034219534842407,0.0030662513,0.00035570219700389047,0.0014748418718889,0.0016050382,-0.00013019630998972634
0.0002674286185471,-1.1233393e-05,0.00027866201134439406,0.000147685965158,4.4202498e-05,0.00010348346763798164
4.960285739719004e-05,4.5686713e-05,3.916144559412009e-06,2.936096086046404e-05,0.0002428217,-0.0002134607367508977
8.307858923906641e-05,-0.00027834554,0.0003614241312676127,2.8701196128320285e-05,-1.6956992e-05,4.5658188241002486e-05
0.001474688627582,0.0015504553,-7.576671725888413e-05,0.0006816434680877,0.0009524315,-0.00027078805655038655
0.0291277236262833,0.035320975,-0.006193251260134088,0.012815315670536,0.01749901,-0.004683693476750414
0.0018642519732965,0.0018603827,3.869239429927585e-06,0.0008726443580653,0.0009958768,-0.00012323249156368497
0.0045680871379539,0.0049484507,-0.0003803635801211368,0.0020591419029182,0.0027692781,-0.0007101362266445357
1.279363630514613e-05,-0.0008639812,0.0008767748366872596,3.815542145283997e-06,-0.00030942465,0.00031324019160366257
0.0003894848210113,0.00031030853,7.917628822195046e-05,0.0001567755462108,0.00033496163,-0.0001781860846588568
0.0006171102551573,0.0006155821,1.528152247615871e-06,0.0003305792214,0.00056024786,-0.00022966864177721008
0.0070144320593859,0.0065228236,0.000491608468600635,0.0039648740421015,0.0037770132,0.00018786088181316652
0.0941693071010605,0.10228606,-0.008116756033609757,0.0449022569114365,0.053002395,-0.008100137824376644
0.0038583919474686,0.003699237,0.00015915493237026682,0.0019486829404366,0.0022044524,-0.0002557694680410639
0.0001522279969539,-0.00017217478,0.000324402780028197,0.0001032532258526,4.8569003e-05,5.4684222441496965e-05
0.0661146114947023,0.07131541,-0.005200796258288426,0.0346657305884439,0.03789678,-0.003231047846071103
0.0294407228688673,0.025738098,0.0037026251415685635,0.0162392659874282,0.013695553,0.002543713042291177
0.0001195430414754,0.00027216808,-0.00015262503791572187,4.625905679853948e-05,0.00022505672,-0.000178797662702032
0.0164462909818377,0.0149569735,0.0014893174887384876,0.0087446224236235,0.007681244,0.001063378370676932
0.0089544369942032,0.009738539,-0.0007841023513592577,0.0051754306945191,0.0055649555,-0.0003895248343064213
0.0001759606813494,0.00022473348,-4.8772796458203764e-05,8.680755994717004e-05,0.00019571307,-0.00010890551353370426
0.0002322117757241,0.0002053643,2.6847479162061627e-05,9.308705975010233e-05,1.3558366e-06,9.173122313378988e-05
0.0010528434173093,0.0009198503,0.0001329931069985787,0.0003687911527509,0.00044911454,-8.032338458130694e-05
0.004602596349982,0.0031950015,0.0014075948390787603,0.0017724866497323,0.0014603644,0.00031212221207023503
0.0170992227250879,0.014958207,0.0021410161608998966,0.0076033468275715,0.0065006227,0.0011027241043199184
0.000132578219273,-0.00010594983,0.00023852805105025225,4.328241240399081e-05,0.00010639901,-6.311660061657306e-05
0.0001679906112009,0.0003593692,-0.00019137859783533104,5.574806046646049e-05,0.0003024778,-0.00024672973749253937
0.0016698855709417,0.0014085851,0.0002613004565371409,0.0007282481236476,0.00078252965,-5.4281525211453854e-05
0.0005756730315145,0.00061741914,-4.174610517361326e-05,0.0003322665445334,0.0005533102,-0.00022104366395485575
0.0001141156187301,-0.00011036104,0.00022447665988201848,6.600799078174634e-05,2.4610961e-05,4.1397029590972234e-05
0.0001222692364372,-0.00027893414,0.0004012033743329033,4.007678039428388e-05,5.0840034e-05,-1.0763253115019008e-05
0.0005892622234714,0.00043601193,0.0001532502888184755,0.0003103831629464,0.00037188648,-6.150331253096766e-05
0.0008351021352413,0.0010023767,-0.00016727453105124814,0.0004688958253512,0.0007431249,-0.0002742290997145856
0.051691310956815,0.04918047,0.0025108405498058747,0.026566094994101,0.02430692,0.0022591755683750644
0.0004529241974654,0.00076383236,-0.0003109081611780126,0.0001743365785258,0.0006039099,-0.0004295733167638893
0.0001689727022992,-4.4537956e-05,0.0002135106578450203,6.25208944075939e-05,0.00010490098,-4.238008625170097e-05
0.0009724139404781,0.0013205146,-0.0003481006546579464,0.0004515290792255,0.00097002863,-0.0005184995526293023
2.659360101201349e-05,-0.00010665484,0.00013324844397824965,1.5124534713654686e-05,-0.0001938261,0.0002089506322430362
0.0025677197588472,0.0022225461,0.0003451736153899064,0.0015007865704566,0.0012682729,0.00023251370023635604
0.0017510013597737,0.001844343,-9.334167105155724e-05,0.0009906774567312,0.0012776764,-0.00028699897752493633
2.374378387206449e-05,-3.3710865e-05,5.745464882669254e-05,7.698980896502559e-06,2.0554819e-05,-1.2855837651177484e-05
8.424729520175523e-05,8.693173e-05,-2.6844348367311875e-06,2.614202680166244e-05,-5.754113e-06,3.189613966429505e-05
0.0049127912106859,0.003930829,0.0009819622109579354,0.0025183498720954,0.0023832691,0.0001350807353238401
0.0698451016483708,0.07188671,-0.0020416091742114506,0.0398113174750342,0.03701078,0.0028005360080732913
0.0005311337135578,0.00036074198,0.00017039173504658576,0.0001835374468323,0.00030628947,-0.00012275202159395737
0.021262256864581,0.019187694,0.0020745624491309046,0.009969927364687,0.009477126,0.0004928009525933599
0.0002909343505048,3.188591e-05,0.00025904844123896144,0.0001496760149094,0.0003723554,-0.00022267938148428653
1.275368573239916e-05,-6.1465093e-06,1.890019508189084e-05,4.492689823982283e-06,-0.00024153589,0.0002460285802057655
4.830784369470663e-05,0.00022391624,-0.00017560839855367206,2.6325065316621536e-05,3.8732607e-05,-1.2407541892036473e-05
0.0007136289475482,0.00039878557,0.000314843373186518,0.0003676631191477,0.0006502115,-0.0002825484092615724
0.0012844141265474,0.0011473654,0.00013704869617742676,0.0005032768036723,0.0005722887,-6.901189624146993e-05
0.0012969932116305,0.0011058834,0.00019110982005647484,0.0004428263265568,0.0007545662,-0.0003117398963381368
0.0021759700251027,0.0017542641,0.00042170591067811373,0.0009541786954678,0.0008134542,0.00014072448051863915
0.0011296896718485,0.00053341105,0.0005962786253584267,0.0006860938387613,0.0007263355,-4.0241668590605077e-05
0.0013026966684824,0.0008781662,0.00042453049396631816,0.0004599777536131,0.00032266794,0.00013730981355901118
0.0056955867479256,0.007251899,-0.0015563124758490718,0.0033825872859603,0.0043280674,-0.0009454801285022664
0.0031694054962731,0.0041763387,-0.0010069331726395491,0.0016588547677655,0.0024438617,-0.0007850069142024737
0.0008603869216376,0.0009712663,-0.00011087937971120544,0.00043526885331,0.0008480321,-0.00041276327335884063
0.0376220106117254,0.037268702,0.0003533086709504793,0.0197032850933418,0.021547038,-0.0018437530147686274
0.0003686013558441,0.0005827879,-0.00021418655090693666,0.0001383982818233,0.00032589148,-0.00018749319849217666
0.0001286864347713,0.0006032719,-0.0004745854463471168,5.178375834028999e-05,6.208133e-05,-1.029757147526537e-05
0.0007436961941599,0.0009225479,-0.0001788516919881951,0.0002563180051828,0.00041707262,-0.00016075461180040508
0.0024841150245227,0.0024072395,7.687550732568722e-05,0.000903770183122,0.0010319451,-0.00012817492717669317
0.00046763572442,0.0006482138,-0.00018057805885906132,0.0001891601681181,0.00034431327,-0.00015515310555391448
0.0159311102514571,0.0146837095,0.001247400771588688,0.0078598300226219,0.0075519644,0.0003078656502254317
0.0235524198564675,0.02778468,-0.0042322592285487515,0.011216628490543,0.014183903,-0.002967274622464546
0.0004594601478973,0.00039835996,6.110018795221734e-05,0.0001758827418416,0.00030287175,-0.0001269890055664622
0.0005143995454245,0.00023941438,0.0002749851642119451,0.0002841226847598,0.0005356593,-0.00025153663263305587
0.0091644046176434,0.008787973,0.00037643176505569934,0.0048632619555952,0.004799566,6.369572392720454e-05
1.841717626413301e-05,0.00015185236,-0.00013343518780564918,5.6238899918926426e-06,-1.9477973e-06,7.571687264698116e-06
0.0439182921568043,0.0397691,0.004149193994153241,0.025475870964637,0.021232963,0.0042429083562995976
0.0134955252942232,0.012516073,0.0009794523429659703,0.0063758596227622,0.006182378,0.00019348146478891017
0.0046504906813592,0.003492065,0.001158425674492149,0.0024048445911112,0.0020692297,0.00033561486536289953
0.0016579272123121,0.0020933643,-0.00043543703946542973,0.0007943360217938,0.0010774537,-0.0002831177004521912
0.0013990833619159,0.0012549118,0.0001441715945970552,0.0006251215055102,0.00043375843,0.00019136308044954032
0.0015661768503117,0.0019437678,-0.0003775909189504946,0.0007907790158013,0.0012044561,-0.0004136770704692112
0.0055781559777944,0.0051631834,0.00041497254199670836,0.0031235568110924,0.00325297,-0.0001294132436532743
0.0090756905137689,0.014382738,-0.0053070471749513265,0.0046720260466103,0.007881321,-0.0032092949663634854
4.805989300067394e-06,-0.00055493764,0.0005597436257798028,1.5777557169770771e-06,-0.00047233113,0.0004739088842658078
0.0002377529422988,0.00022384965,1.390328961450632e-05,9.985320277419948e-05,0.0003379032,-0.0002380500104473803
0.0012538005827487,0.0017404037,-0.00048660312345917144,0.0005612408893033,0.0008284974,-0.0002672565135323373
0.0001710836195905,-0.00011468005,0.00028576366918219774,9.995541500483102e-05,0.00023091823,-0.00013096281594972663
0.0026611976873825,0.002112788,0.0005484097719887899,0.0010771851087734,0.0011554953,-7.831018559635713e-05
0.0093625321958848,0.009684046,-0.00032151360319175766,0.0038074841465917,0.0049755233,-0.0011680391874048343
0.0055681303165251,0.0048947823,0.0006733479931348542,0.0025755250879823,0.0024529838,0.00012254133422661155
0.0057564682460349,0.0062383316,-0.0004818633065600004,0.0031730371800023,0.0038855511,-0.0007125139429462273
0.0002332219427874,6.5704095e-05,0.00016751784819212418,9.261965698601845e-05,2.640888e-05,6.621077756494916e-05
0.0004469846464748,0.00029729703,0.0001496876213754033,0.0002364886319732,0.00030531624,-6.882760436258419e-05
0.0013726151480967,0.0009917065,0.0003809086445415214,0.000520055893374,0.00046111067,5.894522278881466e-05
8.439579992652557e-06,-0.00023854921,0.0002469887916372201,2.556230061778608e-06,-0.00018706237,0.0001896185973930152
0.0006362908549372,0.0005616981,7.459274788833086e-05,0.0003463602748743,0.00027242774,7.393253110784317e-05
0.0011259458063312,0.0012844678,-0.0001585219485543542,0.0004455371934598,0.0006224658,-0.00017692860563717173
0.0003282486929789,0.000734627,-0.0004063783210471458,0.0001391048912676,0.00029191124,-0.0001528063535904563
3.097522702963724e-06,-0.0003176632,0.0003207607098640517,2.0917751936444143e-06,-0.000430525,0.00043261676469056096
0.0643182230866209,0.060805373,0.0035128501928106265,0.0322949355780003,0.030839862,0.001455073276054611
0.0024584463830797,0.0019502819,0.0005081644780693573,0.0012379774599722,0.0010551602,0.0001828172718560668
0.0019369601165026,0.0016524845,0.0002844755896448663,0.0009498812070567,0.0011422852,-0.0001924039750840676
0.0012232172921167,0.0012536522,-3.0434861419977423e-05,0.0004758705536272,0.00066890713,-0.0001930365769755472
0.0020694942609407,0.0019948336,7.466067792847664e-05,0.0009212032511435,0.00097356,-5.235672308360063e-05
0.0009879169614187,0.00059846486,0.000389452101769161,0.0003680971261737,0.00032157387,4.6523257314140727e-05
0.0128269563999773,0.016708927,-0.0038819708290695216,0.0059999465093674,0.0072141504,-0.00121420388215167
0.0019166611088369,0.0022146513,-0.00029799021315537804,0.0007635987457393,0.0010955724,-0.00033197362436519166
0.0069333251484901,0.007204688,-0.00027136300567087625,0.0034854932360715,0.0035796256,-9.413239095446176e-05
0.0077605530017186,0.0068797404,0.0008808126070667102,0.0045699095600456,0.003741814,0.0008280955036342142
4.551579734047782e-05,-0.00021738677,0.00026290256612205784,1.4270137376649677e-05,-0.00034732575,0.00036159589033157977
0.0034976892428968,0.005186002,-0.0016883125273015453,0.0019835584359255,0.0022961185,-0.00031256009545062345
0.0091952397875411,0.010168965,-0.0009737251870410961,0.0046842532596189,0.0055996897,-0.0009154364102881927
0.001679330857394,0.0015018971,0.00017743374027099214,0.0006904056772013,0.0008210538,-0.00013064812995672314
0.0336812896818581,0.038326588,-0.00464529784613224,0.0198131262093373,0.021511158,-0.0016980317652634906
0.0006476521125168,0.0009780803,-0.0003304282104491796,0.0002960091752008,0.0006381034,-0.0003420942284158966
0.0002146165988067,-7.513516e-05,0.00028975176055764994,0.0001189184716223,0.00011765125,1.2672192552319172e-06
0.0001094458387728,0.00017200246,-6.255662052136269e-05,3.5893563928417205e-05,0.00021865155,-0.00018275798456523633
0.0320310694199761,0.033966143,-0.0019350732642451698,0.0173829911004699,0.019491466,-0.002108474661787676
0.0008456361622578,0.0008163366,2.929956214786514e-05,0.0004792154817527,0.00070176815,-0.00022255266740342343
0.0086822494139865,0.0093116425,-0.000629393083791438,0.0048897124716222,0.005019881,-0.000130168359619408
0.0590871401965537,0.06915291,-0.010065766340502269,0.0294644072985578,0.036973435,-0.007509028133161025
0.0051615459508528,0.0041626072,0.0009989387019802816,0.0021126505918158,0.0019147769,0.00019787373014816707
0.0020969147092439,0.0017909042,0.00030601050208879134,0.0011344728085061,0.0013654606,-0.00023098776332685484
0.0057944792830336,0.005481103,0.00031337631353615773,0.0027517948385201,0.00253822,0.00021357481292109699
0.0098294118997986,0.009049903,0.0007795092297131698,0.0047039950770803,0.004474139,0.00022985623604731848
0.0321559775290597,0.034103744,-0.0019477662029158543,0.0174537840527734,0.017227355,0.00022642866198627556
0.0023396229938415,0.001904241,0.00043538195162984815,0.0011108897732691,0.0011309731,-2.008333204974442e-05
0.0017664513295426,0.0019104786,-0.0001440272456125389,0.0010284829600375,0.0009737311,5.4751855287313864e-05
0.0042279139598742,0.003900997,0.00032691685202567485,0.0022359855189291,0.0021662852,6.97003393736839e-05
0.0001424359458407,6.2253544e-05,8.018240138437453e-05,4.659443460052538e-05,0.00010174217,-5.514773271631744e-05
0.0098364897009382,0.011095659,-0.0012591691750636347,0.0044436721080761,0.0054792217,-0.0010355495898206188
0.0082954048157966,0.007333784,0.0009616209172940114,0.0037508425372899,0.0036089527,0.00014188979521994032
0.001243399244433,0.001896864,-0.0006534647916651226,0.000624505923883,0.0012067816,-0.000582275674856326
0.2723226777781321,0.2254852,0.04683747212780254,0.1255070194837914,0.1077845,0.017722517275558514
0.0053661383744736,0.0058550886,-0.0004889502133767322,0.003018044824529,0.0033361022,-0.0003180574115332884
0.0001430912625076,0.00029814267,-0.00015505140348954756,4.563881016347726e-05,0.00016160152,-0.0001159627113769559
0.0006230565533653,0.0005668879,5.616865126938607e-05,0.0003392071044096,0.00053285836,-0.00019365126034009983
0.004755179215217,0.0070889755,-0.0023337962999995894,0.0023638548705741,0.00356446,-0.0012006050996468233
0.0034986044855366,0.0025772771,0.000921327352295304,0.0014357858731673,0.0013039227,0.00013186313894399376
0.0084142428281328,0.008804687,-0.0003904444707015231,0.0047443954097332,0.0051369653,-0.00039256989860520387
0.0014149885573399,0.00087397755,0.0005410110061031513,0.0005086532034373,0.0006087083,-0.00010005509858745194
0.0002550996273166,2.4820898e-05,0.00023027872928280504,8.746424448895865e-05,-0.00025596254,0.00034342678721282295
0.002491632809419,0.001897596,0.0005940367537772295,0.0010508586143555,0.0011431762,-9.231761065853087e-05
0.0015032148082635,0.0011962613,0.00030695354574235235,0.0005255338881616,0.00037548324,0.00015005064490106743
0.0071872319646521,0.008192357,-0.001005124711211166,0.0036463863795841,0.0045355996,-0.0008892132321154812
0.0134666170299488,0.013604533,-0.00013791589732590342,0.0073882484051204,0.0073975506,-9.302218743535533e-06
0.000124076545307,0.0007610859,-0.0006370093430638716,4.177622430828251e-05,0.0003184153,-0.0002766390640394684
3.5870094095143644e-05,0.00012370174,-8.783164817302379e-05,1.6739638684653904e-05,0.00011886756,-0.000102127920964862
0.0047924994317345,0.0051514828,-0.00035898333289700966,0.0024654522493191,0.002967139,-0.0005016867582045559
0.0114587731610162,0.009649435,0.0018093381027800785,0.0051586488457611,0.004817603,0.00034104568979052667
0.0004307148077118,0.0005150803,-8.436548220340403e-05,0.0001462191742387,0.00040292303,-0.0002567038588683721
4.9357942611402576e-05,0.00043123285,-0.0003818749102498826,1.6303306754413276e-05,-4.817213e-05,6.447543578149307e-05
0.0189091823516967,0.027669417,-0.00876023438883999,0.0089090327873262,0.014240857,-0.005331824426409381
0.0012260455321675,0.0010934325,0.00013261299209350918,0.0005903631740103,0.0005786699,1.1693284645908418e-05
0.024766817102743,0.021619912,0.003146904865814062,0.0127022602853013,0.012032878,0.0006693826314640959
8.511144075118383e-06,0.000123549,-0.00011503786129081211,2.725751783619145e-06,-0.00014830678,0.00015103252715609452
0.0001911250209663,0.000895764,-0.0007046389592584286,8.624322031994738e-05,0.00049164594,-0.00040540272351915563
0.0008660307616892,0.0007841259,8.190488414491618e-05,0.0004284060834188,0.0005038917,-7.548558812327824e-05
0.0012047397312182,0.0009122754,0.00029246433306811355,0.0004367115094644,0.00030617352,0.00013053799069868223
0.0064396615284435,0.0062067793,0.00023288225335399773,0.0036335959839936,0.0035964325,3.716347695548357e-05
0.0007848245484217,0.0007098655,7.495907334824326e-05,0.0004344438365734,0.0005706712,-0.00013622738885890655
0.0101735870547631,0.009596627,0.0005769598491528246,0.0047730152429422,0.004589349,0.00018366621149383533
0.0001234324607741,0.0004871341,-0.0003637016326446174,5.293154619055565e-05,0.00020712923,-0.00015419767940995518
0.0043887952069441,0.0045079174,-0.00011912223820889807,0.0022654600870637,0.002664538,-0.0003990780132981241
0.0037529335838289,0.0040583448,-0.000305411171492841,0.0020964863951937,0.002591693,-0.0004952066801800687
0.0027541455695849,0.0017550543,0.0009990912279557525,0.0011736569136816,0.00085363287,0.00032002404587966543
0.0002595489832989,0.0005488156,-0.0002892666042366005,0.0001464727695583,0.00050581136,-0.0003593385906407044
0.0012329691118306,0.0013957082,-0.00016273907099603833,0.0004500177181865,0.0005318332,-8.181549323919184e-05
0.0009288848416438,0.0019718271,-0.0010429422798076972,0.0004453038831807,0.0011831684,-0.0007378644973405379
0.0001903026817388,0.0003999581,-0.00020965542774432282,0.0001077115960306,0.00032934296,-0.0002216313657464016
0.0021580220898634,0.0021527207,5.3013907766147166e-06,0.0012516940494875,0.0015051431,-0.00025344907605400814
0.0044848797070244,0.00564019,-0.0011553103876849966,0.0022966476773838,0.0026835501,-0.00038690244201622457
0.0104211646201969,0.00900697,0.001414194989478668,0.0049680812583918,0.0045877686,0.0003803126813525584
0.0041512323247282,0.004757013,-0.0006057808471830392,0.0022118948623552,0.0028295377,-0.0006176428645835244
0.0002783640115919,0.000351934,-7.356998366988838e-05,0.0001038740526446,9.0293186e-05,1.3580866568148906e-05
0.0003770117774633,0.0009537719,-0.000576760094982641,0.0001433844429987,0.00030580914,-0.00016242469580969945
0.0020092433294752,0.0021941487,-0.00018490539169820552,0.0009171361231079,0.0011055387,-0.0001884025626981956
0.000724750190758,0.001802067,-0.0010773168487764496,0.0003352589269806,0.0008222934,-0.00048703447052423634
0.0013048736344554,0.0012159895,8.88841658361725e-05,0.0005244939810539,0.00054366497,-1.9170985190350518e-05
0.0028437688609027,0.0024773201,0.0003664487169497341,0.0011295705838431,0.0013300768,-0.00020050624941248896
0.0006425122506983,0.000870541,-0.00022802872023811754,0.0003663341015629,0.0005572115,-0.00019087741719041996
0.0003697011528619,0.00062875706,-0.00025905590484958204,0.0001240212290362,0.0002339604,-0.00010993916710833911
0.0051249133027013,0.004965754,0.00015915907685119454,0.0023572391470778,0.0025068445,-0.00014960531947433818
0.0054717198955274,0.006962542,-0.001490822060927115,0.0025762914917015,0.0031500522,-0.0005737606664604979
0.0003357821321661,-2.3721497e-05,0.00035950362936641305,0.0001657417502941,0.00024018117,-7.443941498758321e-05
0.0066122651851279,0.005336791,0.0012754743738574246,0.0023796932777824,0.002102192,0.00027750125215073376
0.0158240593542591,0.015504683,0.00031937598635109823,0.0072251565747535,0.007802648,-0.0005774914293909302
0.0005267987235059,0.0005380062,-1.1207468567325947e-05,0.0001789723380297,0.00021302496,-3.405262512941413e-05
0.0641427245157604,0.07190985,-0.0077671278101558855,0.0363574218060066,0.03598891,0.0003685135449458879
0.0006398875407585,0.000715893,-7.600545401786809e-05,0.0003565750539497,0.000576424,-0.00021984895102600635
0.0002587365177103,0.00057982677,-0.00032109024891474673,0.0001278170349477,0.00045364612,-0.0003258290852019422
0.0029997506386853,0.0025930174,0.0004067332226104282,0.0012198964747667,0.0010977056,0.0001221909103050515
0.0018825751160689,0.0016692646,0.00021331048472303187,0.0009466412469067,0.0012940523,-0.0003474110978401877
0.0461993728288602,0.05430715,-0.008107778756957139,0.0243109014885833,0.028676944,-0.0043660423649142036
0.0087248079923793,0.009453806,-0.0007289981024459682,0.0038664131840396,0.0048317458,-0.0009653325708877968
0.0011731766291016,0.0010839307,8.924590759512357e-05,0.0005947282754285,0.0010464891,-0.0004517608338566758
0.000537533282369,0.00052319025,1.4343035474044378e-05,0.0002435671379168,0.00032599556,-8.242841769638993e-05
3.608331315385241e-05,0.000121704055,-8.562074219176482e-05,1.276374887125046e-05,-0.0001473382,0.00016010194876612575
0.0001051702643172,-5.5211262e-06,0.00011069139055783739,4.906070200792836e-05,0.00045933976,-0.0004102790587016256
0.001246911715037,0.0014187403,-0.00017182854072116636,0.000582441557453,0.0010338902,-0.00045144862004277756
0.0030103932686571,0.0029047595,0.00010563378151990169,0.0018462842544907,0.0014856764,0.0003606078662344481
0.0041105317156919,0.0029381698,0.0011723619625129455,0.0017673698049026,0.0012320859,0.0005352839389803278
0.011593305426342,0.013919102,-0.002325796601670276,0.0056135265043575,0.00659652,-0.0009829935730796624
0.005238960458891,0.005196192,4.276862274249938e-05,0.0023920016429377,0.0027184074,-0.0003264057849543889
0.0029823553508093,0.0036742676,-0.0006919122075716615,0.0016667297371465,0.0018624362,-0.00019570644658177777
0.0170143613615865,0.017009038,5.322883450436383e-06,0.0093805202821647,0.009235382,0.00014513820208657442
9.141732939538696e-06,0.00022693606,-0.00021779432275703068,3.243150471924133e-06,-6.144208e-05,6.468522920341256e-05
0.002114203923569,0.0018491114,0.00026509252116171163,0.0007737493998735,0.0007026734,7.107600517485034e-05
0.0131405287505453,0.015422456,-0.002281927215927326,0.0066336897636095,0.008072972,-0.0014392825340589568
0.00058135320887,0.00069963676,-0.00011828355036645494,0.0003167682552121,0.0005330025,-0.0002162342317060216
5.963062597727358e-05,0.00036336272,-0.00030373209425890865,1.9912099545971687e-05,0.00014941004,-0.00012949794383145755
0.0009993773425788,0.0011844661,-0.00018508871953484265,0.0005338276039891,0.0009541738,-0.00042034619235544845
0.0117537590207847,0.014362593,-0.002608834160646594,0.0057968016391225,0.0067442204,-0.0009474187480680808
0.002477923105611,0.002696988,-0.0002190648343875076,0.0011302277153225,0.0014244682,-0.00029424052351551704
0.2652438052430529,0.17890422,0.08633958478120751,0.1328213469111404,0.090605184,0.04221616247529597
0.0017475911916761,0.0021235722,-0.00037598097347037,0.0006429509236189,0.0011577542,-0.000514803293655587
0.000575566861573,0.00035905116,0.00021651569919600017,0.0002174043030753,0.0003023516,-8.494730067483948e-05
0.0012894528978122,0.001602608,-0.0003131551142232891,0.0006647072140355,0.0008933761,-0.00022866891331557542
0.0091345300601452,0.008929613,0.00020491701379710472,0.0046316663256239,0.0048195184,-0.00018785209522137036
0.0028689954720368,0.0028446063,2.4389178671440585e-05,0.0016843627789936,0.0014927039,0.00019165886341994355
4.97774073308724e-05,9.41411e-05,-4.436369075771244e-05,2.83063006833003e-05,3.5117446e-05,-6.811145121344076e-06
0.0011849056479953,0.0006097744,0.0005751312726609179,0.0006144092041771,0.00050072797,0.00011368123542099056
0.0017514331099489,0.0021820993,-0.0004306661597541306,0.0007556508890755,0.0010405796,-0.0002849287456430969
0.0047906325620542,0.0045789,0.0002117325042317337,0.0020189047888626,0.0022860107,-0.000267105865780578
0.0185906884095657,0.019590436,-0.0009997471400511153,0.0093384558077723,0.00999199,-0.0006535345945685896
0.0018812001668996,0.002437908,-0.0005567078026795006,0.0008302833059693,0.0013940473,-0.0005637639794608333
0.0005843964567078,0.0006461197,-6.172324776223842e-05,0.0002862804951791,0.00053516316,-0.0002488826601121295
0.0003079587942317,-0.00016037167,0.00046833046065660773,0.0002106635431538,0.00035224092,-0.00014157738110398508
7.433700839591353e-05,5.1173715e-06,6.92196368667183e-05,2.8138746357786715e-05,-4.8583308e-05,7.672205430155924e-05
8.304473068819628e-05,0.0002563272,-0.0001732824830312909,4.759184450739252e-05,7.9025685e-06,3.968927596650741e-05
0.0129033103232296,0.014456959,-0.0015536491180746063,0.0074198264456097,0.007604573,-0.00018474647638164806
0.0020194303772175,0.0015563399,0.00046309047068890776,0.0010477655170096,0.0008204056,0.0002273599103635093
0.0173237832254538,0.01557283,0.0017509531221160356,0.007294745375962,0.0072547467,3.9998633415441916e-05
0.0006188251757838,0.0010827894,-0.00046396420990748514,0.0002694587426852,0.0004396665,-0.0001702077599581766
0.0118676329446304,0.012100499,-0.0002328661787044852,0.005678566432419,0.0056213406,5.722584095853387e-05
0.0028215365585674,0.0023834312,0.00043810537166785735,0.0015179839195243,0.001638835,-0.00012085102726454755
0.0021453345610188,0.0016280918,0.0005172427693741076,0.0009250958530255,0.00082604453,9.905132102075616e-05
0.0006688984808327,0.0006097958,5.910268507910174e-05,0.0002307007610794,0.00014342979,8.727097278422039e-05
0.0012496031265076,0.0010228993,0.00022670383596082506,0.0006006001288903,0.0008071084,-0.00020650828686607462
0.0005756027839364,0.00064021465,-6.461186974928898e-05,0.0002927287939649,0.00057517533,-0.00028244654026889066
0.0042377742035613,0.0037872507,0.0004505234798715058,0.0019930162853602,0.0019246262,6.839010538939923e-05
0.0006352701833627,0.00022212019,0.00041314999669946723,0.0003478241656446,0.00049710396,-0.00014927979414303702
0.0001559688580704,0.0003476271,-0.00019165823594507908,5.6649850911800906e-05,0.00016282016,-0.00010617030621751662
0.0002019222767886,3.0389276e-05,0.00017153300108117912,7.920678583010414e-05,1.8957368e-05,6.02494183285333e-05
0.0079939804653201,0.008275595,-0.00028161409697199935,0.004300733039607,0.004850976,-0.0005502431295023444
2.1605208344533897e-05,0.00018329707,-0.000161691865473278,1.511103039440526e-05,5.1467046e-05,-3.6356016038257496e-05
0.0004838403459334,0.00010573653,0.00037810381612956516,0.0001708146381893,6.108109e-05,0.00010973354881888166
0.0001555644141844,-1.8042758e-05,0.00017360717198599515,5.183607571379122e-05,-3.393151e-05,8.576758408306938e-05
0.0106668275453801,0.009333445,0.0013333827861304135,0.0041595206675923,0.004162184,-2.663295170055903e-06
0.0243707623426507,0.023197593,0.0011731691752264982,0.0123444705483083,0.0129031055,-0.0005586349192496076
0.001023794217149,0.00083461334,0.00018918087717352365,0.0004344804456207,0.00049815356,-6.367311470852863e-05
2.7152195966694383e-05,0.00012912716,-0.00010197496595989552,1.5638908897241834e-05,-1.19741835e-05,2.761309240508757e-05
0.0032581506491461,0.004143634,-0.0008854832305750645,0.0019707628195269,0.002587938,-0.0006171751632260193
0.0003374277845345,4.9440874e-05,0.00028798691039844695,0.0001762236527486,0.0002908968,-0.0001146731489950564
0.000173101544734,-0.00030357135,0.0004766728900185812,9.474766856658512e-05,0.00014010031,-4.5352641524344154e-05
0.0004074747434155,0.00069432403,-0.00028684928619406095,0.0001945881127969,0.00040580617,-0.00021121806217053797
5.550270640361247e-05,0.00031501357,-0.00025951086803269446,2.9073950366307377e-05,0.0002546744,-0.00022560045682154192
0.0004056509514723,0.0004978117,-9.216075526438384e-05,0.0001948710923974,0.00031038962,-0.00011551852366360201
0.0001736481748859,-4.4197557e-05,0.00021784573203069833,8.197315548142494e-05,0.00020006864,-0.0001180954808502823
0.0012131926510766,0.00064254855,0.0005706441030189247,0.0007046677832091,0.0007357363,-3.1068494210973775e-05
0.0021292008821284,0.0027188368,-0.0005896358854705864,0.0008820786195463,0.001224649,-0.00034257040278702394
0.0040634340343154,0.0031581784,0.0009052556210285946,0.0017823490318078,0.0015953829,0.00018696610389085599
0.0452556505234549,0.052177448,-0.006921797302215343,0.0249833880349037,0.028688017,-0.003704629244005983
0.0527325291980679,0.06025178,-0.007519250656229735,0.0280424458243544,0.03228444,-0.004241992785722504
0.000827930204897,0.00378211,-0.0029541798510115606,0.0004397163492773,0.0023246845,-0.0018849681737687168
8.43507535088772e-05,7.7129094e-05,7.221659229506003e-06,3.136059652294892e-05,0.00013293797,-0.0001015773773079
0.0022401708723474,0.0016897323,0.0005504385647792077,0.0011450869957384,0.0011847053,-3.9618299861597086e-05
0.0049301660602497,0.0055397004,-0.0006095343286586863,0.0029673878912868,0.003286908,-0.0003195200237391493
0.0003260114475939,9.062454e-06,0.00031694899318388626,0.0001169534807633,4.5899367e-05,7.105411351233223e-05
0.0028044481142366,0.0056071263,-0.0028026781664287977,0.0015324955834848,0.002557177,-0.001024681513120501
0.0005507475492208,0.00071890815,-0.00016816060239088575,0.0002665142823246,0.00032750337,-6.0989084536892414e-05
5.1585769511530256e-05,0.00080966926,-0.0007580834922867323,1.866593633812685e-05,0.00012985273,-0.00011118679863366466
0.0008900654564501,0.00084378314,4.628231440495978e-05,0.0004301743748636,0.00060758885,-0.00017741447742646412
0.0042785846806067,0.005831535,-0.0015529502936703198,0.0029207484083382,0.0034796917,-0.0005589432796331536
6.571178458610668e-05,0.00040141284,-0.0003357010507585655,2.358489638227267e-05,-0.0001459454,0.0001695303033668105
0.0010797519905775,0.0008619779,0.00021777406505338434,0.0003824792851575,0.0002880572,9.442208594384621e-05
0.0008214035569459,0.0007035851,0.00011781845565436277,0.0004513707610513,0.0007130742,-0.0002617034113300117
0.0002737979672987,0.0007738129,-0.0005000149097155794,9.723717577735458e-05,0.00032419205,-0.00022695487367009248
0.0727254122373275,0.07064224,0.0020831718918494363,0.0324434627858249,0.035076063,-0.00263260034050071
0.0425297231493675,0.044642854,-0.002113131332567998,0.0267211607510996,0.024371773,0.0023493877465677396
0.0014386584783782,0.001183145,0.00025551349733664926,0.0005717533138448,0.0005842902,-1.253687442675231e-05
3.284845874449921e-05,0.00032336847,-0.0002905200105086832,1.11500591916143e-05,0.00014709897,-0.00013594890721690663
0.0052983523610702,0.0051457817,0.00015257068757919875,0.0028186679489898,0.002944924,-0.00012625598833090933
0.0007715231481899,0.0006389569,0.00013256624564122923,0.000286712801252,0.00027673907,9.97373245700448e-06
0.0052137357944636,0.004638641,0.000575094653108562,0.0031964129327083,0.0024826908,0.0007137220842981704
1.9941814951186552e-05,0.00016461707,-0.0001446752563262754,1.0716534372491029e-05,-8.021382e-05,9.093035091792905e-05
0.0006015883217477,0.00041057845,0.00019100987528494957,0.0002761832250864,0.0003145014,-3.8318180141529374e-05
0.0002970198177279,-2.1231956e-06,0.00029914301332767916,0.0001501162824136,0.00029679906,-0.000146682776146682
0.0863990689536571,0.08030935,0.006089722635412159,0.0410992394309355,0.04146142,-0.00036217988321054356
0.0032302407516443,0.0028210415,0.0004091992477231487,0.001322795934052,0.0013266705,-3.874586886932997e-06
0.0004583349412275,0.00088393665,-0.00042560170796089933,0.0001570040989499,0.000530012,-0.00037300791118113127
0.0007423741963538,0.00063449214,0.00010788205422783588,0.0004112411618153,0.0005880276,-0.00017678642394818424
0.0007814990602717,0.0008283297,-4.683064629284561e-05,0.0003719255023311,0.00060275063,-0.00023082512918383668
0.0001067076321749,-0.00022021287,0.0003269204993091507,6.163865240561377e-05,-0.0002408509,0.00030248955503376734
0.0001906628125155,0.00051841163,-0.0003277488182491036,7.088385859241336e-05,0.00020950759,-0.00013862373203302176
0.0090755145328503,0.0074731037,0.0016024108307819713,0.0038401099670633,0.003634827,0.00020528298839472955
0.0135994968639527,0.015248171,-0.0016486741898741088,0.0065182318301061,0.007452701,-0.0009344693883201272
0.0012804621025684,0.0015111708,-0.00023070865909134144,0.0005698445171372,0.0009939963,-0.0004241517593829926
0.0032740799087478,0.0032045625,6.95174402935584e-05,0.001792921318311,0.002206726,-0.000413804681401944
0.0002682890698234,-0.00020756085,0.0004758499197814994,0.0001486359574875,-6.121181e-05,0.00020984776671241476
3.470749587365628e-05,0.0004887695,-0.00045406199998608587,1.730134464464268e-05,0.0001202522,-0.00010295085884268277
0.0011451639476688,0.0015315905,-0.00038642652710067305,0.0005537797495862,0.0010207255,-0.00046694571765610053
0.0004717387290034,0.000380859,9.08797172192041e-05,0.0002600780237704,0.00039387128,-0.00013379325240334063
0.0187798117190261,0.02182237,-0.00304255886975335,0.0100230414065008,0.011828334,-0.0018052926642413303
0.0023732021398305,0.007646418,-0.005273216036760896,0.0013896212446625,0.0038465885,-0.0024569672998850578
0.002279303530853,0.0015815401,0.0006977634324391749,0.0010623916237312,0.00095632375,0.00010606786922315163
0.000526063695466,0.0006131653,-8.7101625362557e-05,0.0002858742152763,0.0005979122,-0.0003120379626328656
0.0001420508456987,0.0004929991,-0.00035094825163365837,4.691146235487304e-05,5.0088922e-05,-3.1774594980024597e-06
0.0002016789333795,0.0004990825,-0.00029740356301024667,8.415177550027412e-05,0.00036958588,-0.00028543410038714965
0.0018770066558112,0.0014684706,0.0004085361028750036,0.0007147755018495,0.0008116598,-9.688428732902048e-05
0.0077700990431565,0.0051199445,0.002650154586191769,0.0043934870187507,0.003064615,0.00132887206527749
0.0021523140169207,0.0031381466,-0.000985832579108701,0.0014421525489619,0.0020102686,-0.0005681160759100693
0.0058070149575364,0.0054264124,0.0003806025092493899,0.002608548026528,0.0025926272,1.5920834611891747e-05
0.0002829612411815,0.00085007004,-0.0005671087939035821,0.0001309241807784,0.000264969,-0.00013404483331860514
0.0010476305274464,0.0012064578,-0.00015882732028292524,0.000452907289197,0.0007343167,-0.0002814094197887161
0.0011512595625123,0.000900381,0.0002508785506239151,0.0005579646993235,0.00071434426,-0.00015637956421894349
7.961404994813343e-05,0.00040157442,-0.0003219603698632346,2.536399801157736e-05,0.00011459302,-8.922902385109715e-05
5.065161545413394e-05,-9.155391e-05,0.00014220552853426744,2.827322056235568e-05,4.5226952e-05,-1.6953731789739715e-05
0.0010266419836355,0.00038839108,0.0006382509005291015,0.0003917176447685,0.00029352313,9.819451336442797e-05
2.2776345948410984e-05,0.0005113317,-0.0004885553706039658,7.212722337110209e-06,5.25071e-05,-4.529437858075438e-05
0.0011293563503629,0.0014188762,-0.00028951987849116026,0.0005113188035499,0.00075058435,-0.00023926554967726834
0.0001616645695494,4.1267587e-05,0.00012039698232817241,6.92276303175298e-05,-8.274073e-05,0.00015196835783854327
0.000527439014806,0.0010076135,-0.00048017447832361107,0.0002567121024683,0.000565274,-0.0003085618758134662
0.000190123235559,-0.00022472792,0.0004148511545349865,8.167704772703131e-05,0.0001012637,-1.9586652617102813e-05
0.0002251900884384,0.0002724852,-4.7295106289378436e-05,8.111090485903164e-05,0.00017833157,-9.722066258115033e-05
0.0095350828270864,0.010778105,-0.001243022059326221,0.0042832921269601,0.0051080296,-0.0008247374546462884
0.0033646581469745,0.003142642,0.00022201605687743008,0.0016706080945524,0.0016867555,-1.6147356821355876e-05
0.0012127582198013,0.0010821673,0.00013059095758985798,0.0006490456458574,0.00053585187,0.00011319377752224238
0.0005272895416928,0.00019202822,0.000335261318737968,0.0002607974185064,0.00039648177,-0.0001356843548439878
0.0001029039879054,0.00028783525,-0.00018493126549719074,5.7616094548844535e-05,0.00040057168,-0.00034295558188796716
0.0004807379311623,0.00091683096,-0.000436093031361518,0.0001686017289916,0.0003420199,-0.00017341816284042387
0.0025300261310039,0.0029856537,-0.0004556275693031117,0.0012861460798805,0.001632451,-0.00034630488349000205
0.000697826499233,0.0009252003,-0.0002273737936076,0.0002714411497357,0.00049800245,-0.00022656130350579728
0.0003208457310582,0.00052860356,-0.00020775782830170813,0.0001443250593749,0.00049404014,-0.0003497150819728957
0.000349084565059,0.00085660233,-0.0005075177665644351,0.0001856378518482,0.00061127223,-0.0004256343812244683
5.2788917078620174e-05,0.00048366725,-0.00043087832805609107,2.751713052672088e-05,0.00039978517,-0.000372268043995828
1.1167985842777043e-05,-0.0005261579,0.0005373258921217449,6.312840898354442e-06,-0.00012002809,0.00012634093033924782
0.0004651016052427,0.00025851396,0.0002065876461180157,0.0001686797427585,0.00029533805,-0.00012665830351285396
0.0006383992138725,0.00071360567,-7.520645266061252e-05,0.0003789683646119,0.0006722946,-0.00029332621902536734
0.0008979711003423,0.00056796777,0.0003300033297211195,0.0003111290301485,0.0003692527,-5.8123665087855055e-05
0.0088355464550535,0.008734989,0.00010055747505824907,0.0043816524740428,0.005432179,-0.0010505267236262297
0.0050243116478958,0.0042263926,0.0007979190472104424,0.0021513013277229,0.0019813222,0.0001699791397925545
0.0002660740552655,0.0010189347,-0.0007528605950811368,0.0001125498461792,0.0002468187,-0.00013426885509176773
7.688122123916642e-05,-0.0003501873,0.00042706852101226345,2.353435482123847e-05,-0.00017983624,0.00020337059029603357
0.0006472006502847,0.00085802726,-0.0002108266048778967,0.0003365394546811,0.0003844875,-4.79480480614587e-05
5.844647627194301e-05,4.1933017e-05,1.6513459071152663e-05,2.0830772031916287e-05,0.0001131355,-9.230473000148499e-05
6.012825594429279e-06,-0.00030093524,0.00030694806233156133,3.468645947141803e-06,-0.00035185757,0.0003553262145501508
0.0001312163511134,0.00028633443,-0.00015511807596019792,6.639760246715507e-05,0.00027277163,-0.00020637403215997854
0.000265773124682,-3.6278056e-05,0.0003020511803135556,0.0001109324342722,4.7214628e-05,6.371780671523152e-05
0.000633001030152,0.00033324142,0.00029975961028531894,0.0002769351117803,0.00023091008,4.6025029898270214e-05
2.397565110033093e-05,-0.0005145825,0.000538558149099403,1.4565290955339462e-05,-0.00024075963,0.00025532492397118073
0.0046846364608687,0.0035375243,0.0011471122021508053,0.0020754051349244,0.0019124596,0.00016294552023773208
0.0007035759723228,0.000684127,1.9448993582703886e-05,0.0003398238100473,0.0004988262,-0.00015900239801144465
0.0003716415850141,0.00030192523,6.971635238015169e-05,0.0001866722447355,0.00033256278,-0.000145890532012591
0.0002015693380491,0.00079787127,-0.0005963019293739337,7.898039191072972e-05,7.083506e-05,8.145328385719818e-06
0.0009816144450834,0.0021686119,-0.0011869974110940492,0.0004582025484459,0.0011727466,-0.000714544099634747
0.0001531046516276,7.346108e-05,7.964357130835187e-05,9.404109461986997e-05,0.000240614,-0.00014657290282836578
9.59059207991423e-05,0.0002687897,-0.0001728837859525619,5.154257423933925e-05,8.4751584e-05,-3.3209009687506094e-05
0.0004865880755576,0.0004104192,7.61688852551088e-05,0.000232475000082,0.00032547355,-9.299854922811796e-05
0.0098959616075469,0.009496145,0.0003998166571570379,0.0047377004384824,0.0046362993,0.0001014011077412327
0.0001705391264895,5.7315788e-06,0.00016480754772234585,9.286674920912932e-05,0.0001871186,-9.425184672254969e-05
0.0031057405270782,0.0037900212,-0.0006842806484404318,0.0013018344636597,0.0017998513,-0.0004980168430544175
0.0126737241546779,0.011460787,0.0012129374693303427,0.0057742592397636,0.005434917,0.0003393424193864885
0.0075987050439174,0.008259143,-0.0006604377050941166,0.0044965519507555,0.004590768,-9.42159506352909e-05
0.0031428726682898,0.0022869997,0.0008558729490723803,0.0012340591756954,0.0013193287,-8.526949655719533e-05
0.0004201411645381,0.00060682767,-0.00018668650617019867,0.0002042139354975,0.00063480233,-0.000430588395253472
0.0015403369009138,0.001505417,3.491985012003297e-05,0.000916081516075,0.0010470987,-0.0001310171438352616
0.0031645573634797,0.002794861,0.0003696962684535646,0.0017035607961663,0.0013719221,0.00033163870831066293
0.000112928137489,3.9778868e-05,7.314926940329526e-05,5.05227186256896e-05,6.7697205e-05,-1.7174486314797103e-05
0.0007397578116747,0.00029629865,0.00044345916437529105,0.0004069847478263,0.00061086175,-0.00020387700482160653
0.0011721436464134,0.0007885399,0.00038360376552672615,0.0005231398582874,0.0005843249,-6.118502175005678e-05
0.0021559424395956,0.0018446355,0.0003113069734819135,0.0011027786523083,0.0013953088,-0.00029253010954914996
0.0230164260534935,0.020627301,0.002389124867170335,0.0116591744921663,0.012436296,-0.0007771213673493666
0.0003622750700869,0.00015208426,0.00021019080669603855,0.0001817700796606,0.00013574777,4.602230562213616e-05
0.0031711077184482,0.0035360216,-0.0003649138512955524,0.0017394723823967,0.0022742138,-0.0005347414420244674
0.004854120570109,0.0055430112,-0.0006888906705521444,0.0025081882478915,0.0028379941,-0.00032980588802473303
0.0006470204361362,0.0007584451,-0.0001114246870743494,0.0003350930743246,0.0003922906,-5.7197514609374524e-05
0.0072082890586085,0.0057268688,0.0014814203062183534,0.0028057521070871,0.0026485615,0.00015719061266216078
0.0077256804218856,0.0107670855,-0.0030414050558241704,0.0037896862736146,0.005294258,-0.0015045715013344736
0.0012092522581677,0.0011085931,0.00010065918356283107,0.0004631762803111,0.0005641103,-0.00010093401041368414
7.577755760771052e-05,0.00034207222,-0.00026629466291147456,4.647823319119343e-05,0.00028267392,-0.00023619568871053925
0.0145152561550858,0.01687136,-0.0023561030441997064,0.0071917821741861,0.0078043654,-0.0006125831887859208
0.0027566815595487,0.0018890502,0.0008676313198516012,0.0013443577526149,0.001101873,0.00024248475246249103
0.01046885872535,0.007761124,0.0027077346695173754,0.0050902681435385,0.004120832,0.0009694363000729333
0.0452212868032776,0.04016818,0.005053105741532907,0.0246420056599265,0.021233995,0.003408011146176424
0.0077216486002886,0.008075096,-0.00035344711284998,0.003949007532353,0.004340313,-0.00039130537698189773
0.0668823166447299,0.0665885,0.0002938179927485518,0.0347879305254752,0.034938462,-0.00015053155309611987
0.0016864639550526,0.0016134342,7.302978374849325e-05,0.0008848199635591,0.00091079465,-2.597468990500867e-05
0.0011711922657764,0.0007389777,0.00043221457834303795,0.0004474379094637,0.00035326608,9.417183188190694e-05
0.0019897118994155,0.00142747,0.0005622418915041754,0.0009987672428167,0.0010832046,-8.443739632754189e-05
0.051363959467393,0.04965961,0.0017043496727763008,0.0308228699724276,0.026441718,0.004381152452071421
0.0032448316949401,0.0035664102,-0.0003215784647520683,0.0013528260717418,0.0018550281,-0.0005022020229820208
0.0032521694556644,0.002488179,0.000763990556152705,0.0012029070114032,0.0010773231,0.0001255839071482986
1.233214566272879e-05,-0.00023623674,0.0002485688833545261,4.708995279241084e-06,-0.0002144847,0.00021919369015874313
0.0287800943518493,0.029116377,-0.0003362828826096245,0.01667497227356,0.015326385,0.0013485868872718347
0.0009428241548873,0.0011674503,-0.00022462617812683057,0.0004116133219919,0.00072002906,-0.0003084157345459964
0.0015396157364993,0.0013969464,0.00014266936030971045,0.0007513836384517,0.0010693624,-0.0003179787532660319
0.0017793299792269,0.0024416947,-0.0006623647479405872,0.0010616834875302,0.0008825439,0.00017913957304447714
0.0001338815679993,0.0005604194,-0.00042653783315462206,4.553117845959576e-05,0.00022612844,-0.0001805972604937145
0.0017171075655582,0.0017891943,-7.20867333499145e-05,0.0006134650789418,0.0005974209,1.6044173690744077e-05
0.0006797051109233,0.0005263628,0.00015334231367791675,0.0004295262992644,0.00030985154,0.00011967475482088207
0.0004521219025847,8.440831e-05,0.0003677135910621342,0.0001777737090027,0.00018461287,-6.83916354197607e-06
0.009147537929804,0.010257632,-0.0011100936104944618,0.0047017824258236,0.004968509,-0.0002667266522022177
0.0023801532957313,0.0017167006,0.0006634526803699671,0.0010345501866013,0.0009537903,8.075986232684938e-05
0.0015625324948718,0.0018322372,-0.00026970473946731806,0.0008007763834067,0.0010349957,-0.00023421927398514623
0.000709979928578,0.0006927068,1.72731406192588e-05,0.00025387002429,5.839213e-05,0.00019547789602314018
0.0037205840434205,0.0030290915,0.000691492526910848,0.001868213687736,0.0017083759,0.00015983781562318934
0.0005730253851191,0.0004537704,0.00011925499161340755,0.0002884761355592,0.0004220191,-0.00013354296844843153
1.6742735984999097e-06,-0.00032924186,0.00033091612866849486,5.288688107036667e-07,-0.0007151055,0.0007156343721425735
0.0020796280878563,0.0020849586,-5.330512024037757e-06,0.0010588304905731,0.0011676905,-0.00010886000724995965
0.0003048425813766,0.0003143435,-9.500906467271105e-06,0.0001569517813417,0.0002581855,-0.00010123371195244963
0.0459055224335483,0.046391096,-0.0004855735325523941,0.0209432920822026,0.023341617,-0.002398324533450437
0.00822991013197,0.008678659,-0.00044874873342220893,0.0037323099098699,0.0044113593,-0.0006790494077308271
0.0001570167338365,0.00012717884,2.983789873600568e-05,8.396408678671484e-05,3.1373995e-05,5.259009207073738e-05
0.0120904165358701,0.013867263,-0.0017768462149939292,0.0070706817304676,0.008811194,-0.001740512719195562
0.0001616800612916,0.00054358155,-0.0003819014933745615,7.852164078703322e-05,0.00027032528,-0.0001918036422672292
0.00328521030838,0.0030195608,0.0002656494814376755,0.0016049914942361,0.0016436734,-3.868190615851849e-05
7.914309213854606e-05,-2.4095423e-05,0.0001032385153525672,2.472465679163253e-05,0.00010893547,-8.42108132608966e-05
0.0001085191313336,0.00061207754,-0.0005035584047278062,4.065335910671977e-05,0.00019424834,-0.00015359497679492804
0.0005645443785187,0.0005098649,5.467949502134268e-05,0.0002284012909732,0.00035757624,-0.0001291749474839135
0.005169393147522,0.0049836296,0.00018576358183601278,0.0024191604525835,0.0024065408,1.2619660148092179e-05
0.0066510961375192,0.006494076,0.0001570201463058779,0.0033424301028246,0.0035664926,-0.00022406247891542178
5.83731373086809e-05,0.00078382227,-0.0007254491290762783,2.6826697242979133e-05,6.028248e-05,-3.345578301970643e-05
1.0566135803226142e-05,1.9194778e-05,-8.628642557316699e-06,5.895844310104878e-06,-0.00030321273,0.00030910857219579817
0.0057234491396555,0.004315267,0.0014081822883197362,0.0032909052372724,0.002188179,0.0011027262938022794
0.000874064107268,0.00065915403,0.0002149100777049306,0.0003408139368077,0.00029053056,5.028337766651116e-05
0.0001421702250394,0.00019931256,-5.714233743278697e-05,7.620768391996814e-05,0.0003157482,-0.00023954052940472768
0.0005502402095093,0.0018967295,-0.0013464892504767905,0.0002377520944321,0.00067211577,-0.0004343636752708412
0.0006043833184623,0.00025312766,0.00035125566344790433,0.0002997533109775,0.00034791796,-4.8164646719563707e-05
0.0006943385963468,0.0010646719,-0.0003703333056392029,0.000272916315901,0.0006531983,-0.00038028196400506425
0.0170165050798208,0.018023152,-0.0010066468245237582,0.0071475443854976,0.008219021,-0.0010714769869994822
0.0001166573402714,9.659793e-05,2.0059413230979524e-05,3.987617676121781e-05,0.00022349908,-0.0001836229057333093
0.0459524064168384,0.0502841,-0.004331692416960964,0.0252962444285374,0.027221674,-0.0019254296710271533
0.0028338457052998,0.0021903117,0.0006435340331338102,0.0013990617168725,0.0013570561,4.200563278351885e-05
0.0022943129150665,0.0031242582,-0.0008299453330689473,0.0010343863981899,0.0016030114,-0.0005686249929357193
0.0007124828426246,0.000817531,-0.00010504817868727911,0.000382420999332,0.00042708876,-4.466775911055092e-05
0.0007349185487175,0.0007897115,-5.479293596804017e-05,0.0002913044816152,0.00038661348,-9.530899773456218e-05
0.0001793387691547,-0.00048049144,0.0006598302043099725,0.0001090993858915,1.884328e-05,9.025610540531955e-05
4.61723563287987e-05,0.00018848175,-0.00014230939026189758,1.871842600853603e-05,5.121885e-05,-3.25004229579917e-05
0.0604082119985348,0.061063036,-0.0006548243240588891,0.0303357724565455,0.033182714,-0.0028469416779092274
0.0411045634797124,0.040674854,0.0004297094097642021,0.0214934233558796,0.02290291,-0.0014094863104202188
0.0309155169964484,0.028394362,0.0025211550385407233,0.0158140868883782,0.016158786,-0.0003446987826175134
0.000110915758696,0.00014327814,-3.236238409058479e-05,6.113392213999391e-05,0.00022416917,-0.00016303524694696902
0.0002091508381211,0.00043251994,-0.0002233691025383038,7.272606980302852e-05,0.00014125119,-6.852512215948183e-05
0.0002088280455074,2.6076787e-05,0.00018275125898173608,0.0001024393820815,2.9694585e-05,7.27447966171873e-05
0.0003294298451521,0.00045056012,-0.00012113027943889292,0.0001413028334386,0.00017900887,-3.770603834397107e-05
0.0021552985611128,0.0020744728,8.082572210005778e-05,0.0011919845850876,0.001564351,-0.00037236644181251263
0.0016069605226823,0.0026672261,-0.001060265607460508,0.0007829541140688,0.0014407,-0.0006577459130915465
0.0008800070994667,0.0009326956,-5.268847745440539e-05,0.0004470628075007,0.0006373346,-0.0001902717893306515
0.0004682081639075,0.0011786672,-0.0007104590181952994,0.0002492424095958,0.00089964626,-0.0006504038469888741
0.0020507677230754,0.0018084592,0.0002423085510500772,0.0010340448212808,0.0013424942,-0.0003084493358621373
3.980656474743464e-05,0.00031726132,-0.00027745475672270674,1.3087508041205186e-05,1.1601316e-05,1.4861918952347003e-06
0.0041491113549129,0.005535514,-0.0013864027390225898,0.0020808227684124,0.003191947,-0.001111124237276744
0.0002022981043054,0.00018003419,2.2263919127753413e-05,0.000101409513863,0.00021539564,-0.00011398613090979783
6.089125792279704e-05,-3.9656894e-05,0.00010054815185505761,1.9500658281493504e-05,9.03784e-05,-7.08777438105349e-05
0.0012562470414028,0.00072877086,0.0005274761837259364,0.0004694705770626,0.00046343688,6.033695516668904e-06
0.0001427783976786,-0.00021992835,0.00036270674576630566,4.431260169404941e-05,8.95316e-05,-4.521899534700988e-05
0.0022796039345103,0.002463166,-0.00018356196895365955,0.0011699530671123,0.0014983293,-0.0003283762696426778
0.0002116130971312,0.00014946492,6.214817848144459e-05,9.42670106243322e-05,0.00035966124,-0.0002653942262467017
0.0001640542338996,0.00048054173,-0.0003164874926747017,8.013038698422108e-05,0.00025495846,-0.00017482807358888593
0.0001573093810094,0.00048555224,-0.00032824286101633296,5.586908623458982e-05,0.00032058737,-0.000264718279187808
0.0004947319317319,0.0005526638,-5.7931880681911727e-05,0.0001841599015565,0.00029936415,-0.00011520425220491666
0.0095578279695151,0.011356856,-0.001799027773118243,0.0048708410996247,0.0056147003,-0.0007438591618787582
0.0011064599518362,0.0006851263,0.0004213336639735416,0.000417532126353,0.0003255208,9.201131242222028e-05
0.0015509126601031,0.0009931226,0.0005577900805732185,0.0007042411265603,0.00056231493,0.00014192619292873083
0.0011457380728704,0.00031560496,0.0008301331085992121,0.0006656865392855,0.0006630731,2.6134461207878235e-06
0.0563825542148672,0.057244882,-0.0008623277727045145,0.02854838595282,0.030500963,-0.0019525773774488608
0.0174239169501222,0.013081245,0.004342671825782143,0.0092993935345821,0.0077496013,0.001549792267303906
0.000255568717009,7.0278285e-05,0.00018529043158850025,0.000143165567791,0.0002481186,-0.00010495302696348727
0.0002407331780976,0.0004138879,-0.00017315472313404653,7.783098547888727e-05,0.00026079296,-0.00018296197819354205
8.425668579248755e-05,0.0005237006,-0.00043944392587335734,2.5867086226292407e-05,0.0001790736,-0.00015320651247521444
0.0426043886797278,0.04590628,-0.0033018905563504605,0.0210395943162012,0.023030346,-0.0019907519432735554
0.0298015066342412,0.029649926,0.00015158028472051638,0.0150528016340909,0.016572682,-0.0015198805528702734
0.0020291467781887,0.009911357,-0.007882210646964555,0.0011257707070395,0.005611315,-0.004485544196905231
0.000517197572938,0.0003545473,0.00016265028653184065,0.000268858800282,0.0003306191,-6.17603062528685e-05
0.0867504660468966,0.09350388,-0.006753411473664622,0.0448129175148035,0.046462104,-0.0016491862096761761
0.0003411249764322,0.0005136181,-0.00017249313704085774,0.0001687008470671,0.0004319477,-0.0002632468540778635
0.0036905627747553,0.0030645744,0.0006259883338140854,0.0015533924164542,0.0014839069,6.948554108971751e-05
0.0014189368684623,0.0010393683,0.0003795685351673124,0.000722385353239,0.0009207805,-0.00019839517370077954
6.751284386107974e-05,0.00038657873,-0.0003190658855151171,3.34150835811097e-05,0.0002255317,-0.00019211661043251567
0.0008920367728977,0.00095006754,-5.803076400770794e-05,0.0003994151953752,0.00029368565,0.00010572954818185754
5.089733540762051e-05,0.00014185089,-9.095355553336606e-05,3.016577804491623e-05,0.00014447054,-0.00011430476322739617
0.0009687820744101,0.00097113126,-2.349185165386185e-06,0.0004007899267047,0.00079331436,-0.0003925244375684011
0.0003048100246069,0.00018943123,0.00011537879465138323,0.0001095481952996,9.664085e-05,1.2907347385213453e-05
0.0006318373001868,0.0004939998,0.00013783749674801732,0.0002191042221406,0.00016392424,5.517998209907582e-05
0.0131132897151626,0.017534865,-0.0044215753512465115,0.007922502191362,0.009732951,-0.0018104492187527646
4.203858666850339e-05,8.143972e-05,-3.9401134147475556e-05,1.539817402109558e-05,-0.00018453895,0.00019993712283641153
0.0250886815022804,0.024545643,0.0005430380236484261,0.013471137952556,0.013938032,-0.0004668941381079095
8.091626026923095e-05,0.00020704673,-0.00012613047052385026,2.4467510465911685e-05,3.273978e-05,-8.272268805739374e-06
0.0079138788314133,0.008888919,-0.0009750400750369714,0.0036088217671149,0.004226463,-0.0006176411484248414
0.0019146453996605,0.003798923,-0.0018842775898569504,0.0009957859482007,0.0019176312,-0.0009218453007428077
0.0038242167486573,0.002690988,0.0011332288543457526,0.0023377799655489,0.0015503793,0.0007874006399131686
0.0128673469630126,0.014191362,-0.0013240151124950406,0.0078307672790011,0.007812647,1.8120130034311385e-05
0.0069216773298782,0.006779254,0.0001424233813983088,0.0037892077264352,0.0035058903,0.00028331746877862567
0.0006094743697761,0.00041428604,0.00019518832814380532,0.0003082410345756,0.00048608432,-0.00017784328367854302
0.0015769146076875,0.0013944658,0.00018244880917539876,0.0007382169631515,0.00053101085,0.00020720610955919368
0.000403901003362,0.0004135666,-9.665591581404208e-06,0.0002000883671649,0.00042620144,-0.000226113073694686
7.665670772349662e-05,-0.000305054,0.0003817107185468656,4.299743147576528e-05,0.00012023358,-7.723614556006787e-05
0.0114886187626553,0.0113346875,0.0001539312912655303,0.0052722269864213,0.005096503,0.00017572391865964057
0.003111794005907,0.002947266,0.0001645280251417764,0.0015346654815641,0.0016591669,-0.00012450140118182166
0.00027288273706,0.00023522902,3.76537194977671e-05,0.0001484048775096,0.00023714156,-8.873668371918195e-05
0.000183847683228,3.919493e-05,0.00014465275439657917,9.874013242733613e-05,8.778956e-05,1.0950574262095093e-05
0.0005096330805458,0.0005862324,-7.659932274745203e-05,0.0002793734957889,0.00041222788,-0.00013285438116115539
2.6297937067925755e-06,-0.000332535,0.00033516480540062785,1.544166300548219e-06,-0.00021099689,0.00021254105813811532
0.0225861083222681,0.027880618,-0.005294510026449588,0.0100065258674201,0.0139933545,-0.003986828646821119
0.0001383215476269,0.00020988447,-7.156292305103459e-05,7.491211420131411e-05,0.00031917525,-0.00024426313336732303
0.0098680508769629,0.008540679,0.0013273721076128477,0.0059322766478901,0.004753202,0.0011790744479541872
0.0016459335209227,0.0021332714,-0.000487337903177103,0.0009319653823905,0.0015244874,-0.0005925220115177026
0.004396511333887,0.004248607,0.0001479043614906264,0.0016986784554819,0.0019170844,-0.00021840599069498663
0.0227942097159621,0.024046214,-0.0012520045814517246,0.0129807074536298,0.012928188,5.2519606492348533e-05
0.0029802844366943,0.0023728132,0.000607471258467948,0.001514562584493,0.0010641116,0.00045045098945095
0.0118297788424747,0.011506517,0.00032326142474579933,0.0061717146840856,0.006450459,-0.00027874421132946785
0.0045119465684546,0.0064551504,-0.0019432038644300927,0.0026653304964548,0.003944307,-0.0012789766035729996
0.0015762091114907,0.0011824018,0.0003938073258636925,0.0008996610844266,0.0010886317,-0.00018897060419056986
0.0006080399770383,0.00078275637,-0.00017471639066001183,0.0002172950605688,0.00047763233,-0.00026033727249006385
0.0532272487559678,0.06718122,-0.013953973384821232,0.0253911774587157,0.034069855,-0.008678677307414746
0.0028042050807864,0.0035083403,-0.0007041352537333441,0.0016058745768471,0.002131426,-0.0005255514315711024
0.0409495839954854,0.042123657,-0.0011740727244376192,0.022333718135023,0.022399334,-6.56161019564859e-05
7.354604022319072e-05,-0.00024586846,0.0003194145014297461,2.9946699326518685e-05,-7.929134e-05,0.00010923804086180008
2.523627297373658e-05,0.00019570928,-0.0001704730024572631,1.3056983533431842e-05,-7.3241936e-05,8.629891928529839e-05
0.000815304589808,0.0007559096,5.939499230684124e-05,0.0003279359671119,0.00016287371,0.0001650622589345421
2.695011396215442e-05,0.0002492906,-0.00022234049204482553,1.363979494265097e-05,-7.352133e-05,8.716112746690216e-05
0.0182342589116,0.025869051,-0.007634792082915419,0.0093112983554116,0.012011904,-0.002700605914045263
0.0985140488485558,0.10148664,-0.0029725893398063197,0.0443862936954511,0.050488476,-0.00610218201470248
0.0959053116717678,0.101867884,-0.005962572725738913,0.0510369381099283,0.052052375,-0.0010154368192613825
0.0003485282831036,0.00033612666,1.240162590076014e-05,0.0001684275066225,0.00033675187,-0.0001683243590662114
0.0033260561291004,0.003573464,-0.0002474078677719058,0.001721058476955,0.0020776906,-0.0003566320815530386
2.2866394499188017e-05,-0.00042602955,0.00044889594813609654,1.1330540445061387e-05,-2.2654824e-05,3.3985364069241084e-05
0.0003201137451497,0.00089479075,-0.0005746770029845554,0.0001137790247182,0.00053916714,-0.0004253881191519451
0.0002944669230491,0.0003571913,-6.272438814639274e-05,0.0001476533684983,0.00021862384,-7.097047314875873e-05
9.441400375201815e-05,0.0055788653,-0.005484451293386673,4.579064833803763e-05,0.0020019447,-0.001956154048192662
0.0004764442167707,0.0005854864,-0.000109042197140285,0.0001797047693971,0.00033266383,-0.00015295905585033676
0.0008327195242109,0.0012753096,-0.00044259007013717295,0.0003721672345139,0.00075565215,-0.00038348491050303843
0.0002509588682984,0.00014685582,0.00010410304984142984,8.868421414837076e-05,0.0002491561,-0.00016047187395423816
0.0021613745269,0.0029326465,-0.0007712720177501971,0.0011161830707037,0.0013861392,-0.00026995612191472963
0.0004428414806659,5.714105e-05,0.0003857004314829262,0.0001552675495042,0.00020055898,-4.529142816304228e-05
0.002632910235679,0.0026670138,-3.410355291679542e-05,0.0012153333447168,0.001223341,-8.007635060476408e-06
0.0001349380679212,0.000525811,-0.0003908729206987236,5.308821386626992e-05,0.0001265782,-7.348999093317356e-05
0.0071918077761791,0.007889054,-0.0006972460081317178,0.0031726863596985,0.0038146367,-0.0006419503699591502
0.0085457363139333,0.007670546,0.0008751903634013399,0.0041410458204205,0.0035660756,0.0005749702383632625
0.0018842706390763,0.0029432501,-0.0010589794787471815,0.0011450870024938,0.0020308152,-0.0008857282281886922
0.1549682266181138,0.15265742,0.0023108071749833037,0.0712397021824571,0.07308617,-0.001846470159843322
0.0489463112801202,0.06089876,-0.011952447190891918,0.0250917709334481,0.033324897,-0.008233126355828024
0.0002961795766746,0.00033726008,-4.1080500101546905e-05,0.0001659880138245,0.0003267888,-0.00016080079579161867
0.030246708697937,0.03212273,-0.001876022510864269,0.0168075716938603,0.01853841,-0.0017308381501805713
0.0009109147341291,0.00086223125,4.868348886468907e-05,0.0004792415002242,0.00073232414,-0.0002530826441131263
0.0090562749712983,0.0102458345,-0.0011895595059475076,0.0060744726513251,0.005838484,0.0002359886136575869
0.0126314760013717,0.013533215,-0.000901739037106674,0.0053633691619596,0.0065604816,-0.0011971124571302418
0.0061619161821298,0.0066173803,-0.0004554641239948873,0.0036184813168752,0.00409219,-0.0004737086321306423
0.0019618759175075,0.0012515036,0.0007103723251504607,0.0007326411208186,0.00070299004,2.965107644458114e-05
0.0027367120014591,0.004228471,-0.0014917588455515126,0.0016983443826759,0.0028403315,-0.0011419871400719743
0.0002742914990352,0.0004304389,-0.0001561474013312255,0.0001159216327758,0.0002686673,-0.0001527456632650032
0.009454606510343,0.010244525,-0.0007899185273628987,0.0036640627351547,0.0048540523,-0.0011899895924185992
0.000118825692371,0.00037630112,-0.0002574754267330278,5.959415156976146e-05,9.774586e-05,-3.8151710579406345e-05
0.0020432057793048,0.0013996365,0.0006435692778584338,0.0008199053378851,0.00073476677,8.513856726520097e-05
0.0012380003656837,0.000780558,0.0004574423849227681,0.0006181596136896,0.0008603556,-0.00024219600611719635
0.0026281286738265,0.0026430448,-1.4916131327704155e-05,0.0009297598434335,0.0008217297,0.00010803012891694966
0.0001444960139757,-4.6372195e-05,0.00019086820933222548,8.01241515667132e-05,1.7563643e-05,6.256050829805441e-05
0.002887839066605,0.0029068303,-1.899121627685612e-05,0.0012213367887312,0.0014734826,-0.00025214579305561126
0.0013477888086776,0.00046048337,0.0008873054420540792,0.0008858269544482,0.0005393904,0.00034643652599079084
0.000184434989813,-0.00020876179,0.0003931967802310661,0.0001185555623363,0.00012448645,-5.930891960557124e-06
0.0033726576939966,0.0027958446,0.0005768131223316706,0.0018438815273234,0.0016205074,0.00022337407748041047
0.0011360476795986,0.0014839906,-0.00034794289838227586,0.000635778640247,0.00090289937,-0.000267120726090806
0.0001975135823886,-0.00029654265,0.0004940562362025582,0.0001183990386086,-4.8812413e-05,0.00016721145190572794
1.0200858923463462e-05,0.00035915268,-0.00034895181761416947,3.175237763357828e-06,-8.5590575e-05,8.876581236269466e-05
0.0001878495524759,0.00041334168,-0.00022549212806573455,9.1178685943781e-05,0.00040478708,-0.000313608389296384
0.0005938625076527,0.0009950481,-0.00040118558130019903,0.0002652633967712,0.000551584,-0.00028632060532500595
0.000102046485343,0.00032328605,-0.00022123956186232893,4.25207167296738e-05,0.00036376744,-0.00032124672137283974
0.0031203248098543,0.0027185383,0.00040178653114047785,0.0017496207120821,0.0017825664,-3.2945713308441546e-05
7.024558829213636e-05,0.0002535137,-0.00018326809992943747,3.3618747071328135e-05,7.106976e-05,-3.7451009742484866e-05
0.0001856042743032,0.00079140463,-0.0006058003548229912,9.106865172602254e-05,0.00060069334,-0.0005096246882215885
0.0035056360035557,0.00249582,0.0010098160679805723,0.0013185890230823,0.0013526374,-3.404840105141805e-05
0.0001676842908172,0.00051518506,-0.0003475007728876483,8.347402069280407e-05,0.00030479237,-0.00022131834669475892
0.0635576442395264,0.07357146,-0.010013814219374056,0.0347494063100534,0.03961608,-0.004866671828298037
9.225500066163006e-05,0.0004930345,-0.0004007794869285637,3.0184355324552822e-05,0.00014441932,-0.00011423496320615574
0.0034791735963405,0.005304041,-0.0018248672565936222,0.0020158030500474,0.0031414118,-0.0011256087629286028
0.0061128368749427,0.008617071,-0.0025042345599127613,0.0029370319829915,0.004365174,-0.001428142116811471
0.0007306837680434,0.0008799343,-0.00014925052238058927,0.0002777775624755,0.00038043415,-0.00010265659159168852
0.003203852546207,0.0018703805,0.0013334720645019303,0.0012557185145897,0.00097274786,0.000282970653647664
6.922992682248785e-05,-3.873151e-06,7.310307776734315e-05,2.926704403553005e-05,0.00028514705,-0.00025588000496309406
0.0001625122758177,0.00052390737,-0.00036139508945970953,7.825476855509e-05,0.00028287136,-0.00020461659373246117
0.0007787565873301,0.00097171334,-0.0001929567488545208,0.000351187700825,0.0003634799,-1.229219143260101e-05
7.434995514011049e-05,-0.00021435159,0.00028870154365101867,2.398574146526293e-05,4.2459993e-05,-1.8474251517649877e-05
2.315686944939018e-05,0.0002735227,-0.0002503658186265099,1.4379707688878902e-05,0.00014657533,-0.00013219562260206449
