L,b,h,E,rho,damping_ratio,force_amplitude,excitation_frequency,observation_point,simulation_time,time_step,number_of_modes,f1,f2,f3,f4,peak_displacement,rms_displacement
2.380141398547724,0.0652699477879939,0.0081752427793646,213300797166.99377,7845.596846446526,0.00811859528123,8.640822553955733,1.0248231263435847,0.65,2.0,0.002,4,3.411989151764589,13.647956607058358,30.707902365881303,54.59182642823343,0.0071619740916727,0.0040551952695299
1.5953113748947565,0.0634169884439243,0.0152232874403826,198467417603.2215,7873.042161937613,0.0440210947844688,9.607768860628042,27.15293161995993,0.65,2.0,0.002,4,13.6182122542863,54.4728490171452,122.56391028857672,217.8913960685808,0.0001603724500607,5.234092063080306e-05
2.733489246088181,0.0556775903483646,0.0120701101074406,199210009104.96848,7666.406598208593,0.0254102908002052,8.235146295500131,7.392491621979259,0.65,2.0,0.002,4,3.7339233609544302,14.93569344381772,33.60531024858987,59.74277377527088,0.0027894328381251,0.0012568114537862
1.1429916979689363,0.079376809092718,0.0137125374217754,195799738356.68625,7607.804106134162,0.0314070385172623,4.999415593674303,14.18722252761146,0.65,2.0,0.002,4,24.14556213872975,96.582248554919,217.31005924856777,386.328994219676,6.572949818036138e-05,3.237958705715416e-05
2.815171727736937,0.069968989632188,0.008787785713415,212060010117.2292,7676.539006251007,0.0061187455758134,9.615093995009676,4.150156746456615,0.65,2.0,0.002,4,2.6426861344040837,10.570744537616331,23.78417520963675,42.28297815046533,0.0142111101722817,0.007016772407894
1.678744052284513,0.0423414705675627,0.0182513808881096,196622483017.7754,7839.387947450319,0.0443650544556792,4.315018443680733,26.33578010191287,0.65,2.0,0.002,4,14.707251468673602,58.82900587469441,132.36526321806244,235.31602349877764,0.0001034459297743,3.309197812590478e-05
2.1316509265349675,0.0447192759336483,0.011238384942041,192317867577.706,7748.499013568795,0.013283356837249,2.778779973128529,6.571174934389217,0.65,2.0,0.002,4,5.587300242827898,22.349200971311596,50.28570218545109,89.39680388524637,0.0033029805329413,0.0015430825151597
2.5346925417017587,0.0700972624495925,0.0109650480570558,182672150543.8776,7793.589999386221,0.0245201664662773,2.05009158770509,6.793115306226371,0.65,2.0,0.002,4,3.746766365239871,14.987065460959483,33.720897287158834,59.94826184383793,0.0007802968325457,0.0003257699300882
2.3641865103565345,0.0722177805241799,0.0121317590789635,197298418319.5764,7694.857027403656,0.0295178162543356,5.972319375847275,4.763721000999674,0.65,2.0,0.002,4,4.98369075128656,19.93476300514624,44.85321676157905,79.73905202058496,0.0113567837950666,0.0064119415302815
1.6603753206857514,0.0787594287987274,0.0153876945024605,189523448009.1613,7601.244779967931,0.0357727321559151,2.3015588375472844,7.79111198699587,0.65,2.0,0.002,4,12.638030112791624,50.552120451166495,113.74227101512464,202.208481804666,0.0001054346849009,5.177658460741683e-05
2.96921475320186,0.0348741013898709,0.0061392254885781,202477636944.04712,7731.5142391240415,0.0195052447763619,0.1701450062824856,2.057420457542828,0.65,2.0,0.002,4,1.6159051727799931,6.463620691119973,14.543146555019945,25.854482764479894,0.0036754142327985,0.0019542236251138
2.2499547182664186,0.0281851310125392,0.0079014360387708,211217473495.67944,7816.821466342428,0.0122173804187806,3.945484205281432,1.6264765400969976,0.65,2.0,0.002,4,3.679065778010567,14.716263112042268,33.1115920020951,58.865052448169074,0.0080232632622015,0.0044331969628498
2.830430197878341,0.0605464803169224,0.0116700444109834,204566031909.55252,7820.74672295118,0.0073199818617294,4.0047711952372005,4.669702277014037,0.65,2.0,0.002,4,3.378232334519333,13.512929338077331,30.404091010674,54.05171735230933,0.0046103832859453,0.0022418748057412
1.7418423543988677,0.0733158142285572,0.0108177961039801,213807505099.63965,7822.245208052633,0.0053426616900155,1.96849345774183,15.85982906665783,0.65,2.0,0.002,4,8.452712784596137,33.81085113838455,76.07441506136524,135.2434045535382,0.0001398863216342,6.329403167788926e-05
2.321757550213788,0.054973559309934,0.0129264299716509,208229595964.89352,7761.21482268046,0.0080945711484052,5.420799650893113,8.460850722457334,0.65,2.0,0.002,4,5.63223146811492,22.52892587245968,50.69008321303428,90.11570348983872,0.0016483457839739,0.0007755066587977
2.7545296464223936,0.05279900053252,0.0127596263801817,210293058848.42685,7642.005590198142,0.0074314216167603,9.838652236106435,7.397687418003911,0.65,2.0,0.002,4,4.00019445471366,16.00077781885464,36.001750092422945,64.00311127541856,0.0038351139418943,0.0018633012539831
2.5883984413059977,0.0505125685566491,0.0061279935811771,207230083921.91165,7799.740722347387,0.0142213910499915,8.789252493679314,1.5488175482115552,0.65,2.0,0.002,4,2.13782235837306,8.551289433492238,19.240401225357537,34.20515773396895,0.0777769844597884,0.0377539289870764
2.969299067235287,0.0416921647183519,0.0171973901873016,192735964713.1384,7919.685408896596,0.0320330263488189,2.2419213827314746,4.124360551836101,0.65,2.0,0.002,4,4.363262393723431,17.453049574893726,39.26936154351088,69.8121982995749,0.0057197276046535,0.0032232925832975
2.0691204880248275,0.042516406107139,0.0061316330194251,181758412776.69205,7979.918788482778,0.0321718395546778,6.469623092284704,5.726984192039552,0.65,2.0,0.002,4,3.099430277299032,12.397721109196128,27.89487249569129,49.59088443678451,0.0095884501789885,0.0040482400886496
2.579324766480706,0.0382849882548314,0.0123443975488199,190620803374.00543,7980.216069756018,0.0398396218273625,4.29049787076889,6.203408889246796,0.65,2.0,0.002,4,4.1121118576281255,16.448447430512502,37.009006718653126,65.79378972205001,0.0032348649392398,0.0013191757201663
2.8186504995079305,0.0680805848959631,0.0071504119902323,203382743459.0801,7710.797303041798,0.0333387654383905,1.8184618739033396,1.7468728790345494,0.65,2.0,0.002,4,2.095971001267949,8.383884005071796,18.863739011411543,33.53553602028718,0.0148370022888576,0.0084410949706767
2.305890343439,0.0764453954946457,0.0123804786995876,183095258547.3526,7791.73254421014,0.0404507474111814,3.6502268704561462,1.2733324285432992,0.65,2.0,0.002,4,5.1181253803763305,20.47250152150532,46.06312842338698,81.89000608602129,0.0006605848783471,0.0004075323336527
2.7755233514277746,0.057809118156463,0.0128146344913366,197143716730.03665,7785.760650526877,0.0144174806407377,8.247065184211662,2.1145185311410013,0.65,2.0,0.002,4,3.795654309717845,15.18261723887138,34.16088878746061,60.73046895548552,0.0060375048218305,0.0031082363477546
1.2359082359103348,0.0546732659789363,0.0164027132289037,184680282638.6974,7801.113841024994,0.033912285929874,4.067942712473725,34.31364470995063,0.65,2.0,0.002,4,23.69214876613456,94.76859506453825,213.22933889521107,379.074380258153,5.584944419752501e-05,2.0060545643075432e-05
1.3038919028138571,0.0694401110861783,0.0089789849650622,201650881949.87128,7704.766637134993,0.0072537716127127,5.468561181598271,10.546402534375511,0.65,2.0,0.002,4,12.251623434819171,49.006493739276685,110.26461091337256,196.02597495710677,0.0014455452755343,0.0006698637693706
2.968155909107365,0.0456161330265324,0.0167579819107714,181969580152.52533,7672.16960047056,0.007843299402718,8.174786780614802,1.6458042347525188,0.65,2.0,0.002,4,4.200663096370229,16.802652385480915,37.80596786733206,67.21060954192366,0.003621503609987,0.0019868266933727
1.2650841619028272,0.0696352757354441,0.0137036032511441,210976688182.7733,7852.364803109061,0.0446978781648026,6.420828524870932,22.939314542612117,0.65,2.0,0.002,4,20.125292195860425,80.5011687834417,181.12762976274385,322.0046751337668,0.0002794762246171,0.0001388622449642
1.1857274103466993,0.0647484507010854,0.0062982248323915,183657908595.3843,7702.034384811289,0.0465153680793747,7.524195972907341,3.352461802199457,0.65,2.0,0.002,4,9.91927168378555,39.6770867351422,89.27344515406996,158.7083469405688,0.0010023284010189,0.0005581814138755
2.677461207535741,0.0767837847501669,0.0188610724112939,205564969631.35452,7891.151086443456,0.0398887815815099,8.11253894922447,9.252573070157856,0.65,2.0,0.002,4,6.089107436049358,24.35642974419743,54.80196692444422,97.42571897678972,0.0009059935499522,0.0003464036531581
2.253913021921395,0.0734033817572346,0.0107679275307393,200189098232.29297,7945.036976868366,0.0392914110991263,3.8372611997439616,1.1614424196305433,0.65,2.0,0.002,4,4.824577897504443,19.29831159001777,43.42120107753999,77.19324636007109,0.0008992916858892,0.0005756345308875
2.321063932770421,0.0732626652225191,0.0139067934039976,212979370849.57315,7689.076407583714,0.0208764246302536,9.427109511887622,11.056532670122907,0.65,2.0,0.002,4,6.160468373708866,24.641873494835465,55.44421536337981,98.56749397934186,0.0010552221423934,0.0004066766214433
1.5478123372120904,0.0219685999698637,0.0091903221829059,187717669459.7393,7751.448370973808,0.0223325481810186,3.456176631968503,6.764818884539329,0.65,2.0,0.002,4,8.560212191511292,34.24084876604517,77.04190972360163,136.96339506418067,0.0035997293926202,0.0017177930197406
2.62797572412466,0.0696357396490545,0.0170785963862794,215136771062.0835,7787.370386709474,0.0157736044835375,8.717435058115207,10.033515961385854,0.65,2.0,0.002,4,5.893871164303456,23.575484657213824,53.04484047873111,94.3019386288553,0.0010565373162128,0.0004197219079975
1.2972329682675277,0.0727527189235571,0.0084879455478381,204211411669.9369,7701.593458123106,0.0370606187742503,6.522591262378493,13.14938384446035,0.65,2.0,0.002,4,11.777296064827471,47.109184259309885,105.99566458344724,188.43673703723957,0.0015817929143248,0.0008043071270384
1.6493616643998534,0.0760655669393009,0.013534008047297,200580399255.38956,7769.322377687744,0.0230301900435337,8.197866120887328,16.270932046028314,0.65,2.0,0.002,4,11.4624265721156,45.8497062884624,103.1618391490404,183.3988251538496,0.0004807295488943,0.0001778180475567
1.7869141479766435,0.0735742997217609,0.0050406091051368,191950362824.9053,7822.016914021019,0.0200342236846979,2.7932473728589278,3.645537842473394,0.65,2.0,0.002,4,3.546010294881852,14.184041179527409,31.914092653936667,56.736164718109634,0.0298499626817527,0.0142353187206034
2.512588443406901,0.0498187736276076,0.0121883391933346,181059164052.19852,7977.003705327923,0.0193628287295298,2.6337969106193637,8.337202160116496,0.65,2.0,0.002,4,4.1708198191952,16.683279276780798,37.537378372756805,66.73311710712319,0.0007583111464872,0.0003477421055136
1.0937716429878548,0.0568718295585908,0.0157516650280857,192237572246.92075,7957.144553968373,0.025564677865237,1.7283367733242725,51.00070877568108,0.65,2.0,0.002,4,29.345594686352808,117.38237874541124,264.1103521771753,469.5295149816449,9.974920967880254e-06,3.0492622176223518e-06
1.156373365495729,0.0295359429519978,0.0053989857781228,185529054457.53027,7811.766859530516,0.0084532115896344,0.6926926783702574,3.68214847434634,0.65,2.0,0.002,4,8.922295572333157,35.68918228933263,80.30066015099841,142.7567291573305,0.0003260997475823,0.0001783057063693
1.6383660949227703,0.0591057951842076,0.0180078134395467,190319146901.248,7794.268870922997,0.0059345303583678,9.46536019748761,24.69724636312013,0.65,2.0,0.002,4,15.03217705893501,60.12870823574004,135.2895935304151,240.51483294296017,0.0002215865490488,8.686758768964927e-05
1.4020933919446807,0.0764098200787548,0.018215622683729,188195057750.51285,7757.528288802758,0.0201505457855642,5.032441282024966,37.25483924163917,0.65,2.0,0.002,4,20.694827649967348,82.77931059986939,186.25344884970616,331.1172423994776,3.5957013949377143e-05,1.1293395241287788e-05
1.0666317595623962,0.0682370699941444,0.0083369244716916,185314320177.55124,7923.281105274472,0.0429239710715394,7.373841963103056,9.9997690095583,0.65,2.0,0.002,4,16.06971066886781,64.27884267547124,144.62739601981028,257.11537070188496,0.0004247359458144,0.0002111971257635
2.0393734915583632,0.0466659252918114,0.0177155254361523,196767430013.25592,7776.707855416535,0.030979764397338,7.068109296753919,15.531850923406074,0.65,2.0,0.002,4,9.71557405845255,38.8622962338102,87.44016652607296,155.4491849352408,0.0005067500655274,0.000175520918784
1.0514439022168534,0.0539750758120886,0.0110185928125019,202063608505.48044,7721.803282599001,0.0473657384774418,5.9543372031911215,44.62354054982793,0.65,2.0,0.002,4,23.11893693518919,92.47574774075676,208.0704324167027,369.90299096302704,5.876490411680635e-05,1.926067205743567e-05
1.0217309831563677,0.0456461588883335,0.0096159631762014,210660818157.02405,7657.416289848334,0.0400210926350357,6.647925507819431,37.62175700985319,0.65,2.0,0.002,4,21.907845701756337,87.63138280702535,197.170611315807,350.5255312281014,0.0001451368051985,4.568634993609839e-05
2.9210946483060702,0.0640561344799836,0.016456712221492,209611615954.1764,7873.162945151465,0.0091061585408476,7.561420587503941,2.9243473190156597,0.65,2.0,0.002,4,4.512467881281095,18.04987152512438,40.61221093152986,72.19948610049752,0.0034620489805137,0.0017382886353093
2.1333598631138737,0.0470475858660494,0.010830326139764,196474088903.6397,7781.237861980336,0.0264869875850479,1.0670379520453848,4.796306026940282,0.65,2.0,0.002,4,5.422141474455628,21.68856589782251,48.79927327010065,86.75426359129004,0.0017022964112312,0.0008829772570564
1.4727208707670891,0.0229470586250024,0.0073040274880663,182533139148.10236,7678.049696436935,0.030585637161668,9.133243083326851,8.688899852805902,0.65,2.0,0.002,4,7.445539499280283,29.78215799712113,67.00985549352255,119.12863198848451,0.0167327530542127,0.0077834494832918
2.5901300620914123,0.0654601430865636,0.0156932108978496,182049620874.74487,7715.279863297469,0.0409304032093877,8.965964249121562,4.277083815894229,0.65,2.0,0.002,4,5.1524877445994735,20.60995097839789,46.37238970139526,82.43980391359158,0.0053807683214636,0.0028448305066018
1.5215191586839378,0.0566944602395983,0.0137339392508422,215446669192.303,7804.147376177351,0.0409895319553814,7.346870106648194,19.763534684474894,0.65,2.0,0.002,4,14.134377510050893,56.53751004020357,127.20939759045804,226.15004016081429,0.0003641695078992,0.0001359481785409
1.175600357124723,0.0281970948359163,0.0168450203547253,200803021875.4949,7898.352438647146,0.0129514735695608,3.1212095629569823,54.847444264046345,0.65,2.0,0.002,4,27.867514971957608,111.47005988783044,250.80763474761844,445.8802395513217,2.724596087841757e-05,9.058730743778536e-06
1.9739202553182136,0.0385284798592874,0.0121750310597799,214876503755.1874,7892.922954244544,0.0128195967512563,8.40211858808306,7.21957560316246,0.65,2.0,0.002,4,7.392914055405471,29.571656221621883,66.53622649864923,118.28662488648752,0.0269286632491543,0.0138045744033568
2.832655631867912,0.0576519115293963,0.005476753732151,200439976582.4644,7634.319579131755,0.0308187808228778,5.138721011376044,0.5536690204691481,0.65,2.0,0.002,4,1.5858857988573962,6.343543195429585,14.272972189716567,25.37417278171834,0.0360333399437392,0.0195843756797889
2.7607606002553844,0.0521720247866825,0.0143268804479113,190927487660.03503,7620.207878548802,0.0317555424000889,3.018076412707354,5.949744303221089,0.65,2.0,0.002,4,4.266524202761379,17.066096811045515,38.398717824852405,68.26438724418206,0.0018413947434115,0.0007721350608467
2.801532645074996,0.0530225307552691,0.0151455219217604,183087585017.57617,7981.786811739037,0.0191843910659985,3.6074883219104223,2.5191876765951147,0.65,2.0,0.002,4,4.190844136819413,16.76337654727765,37.71759723137471,67.0535061891106,0.0021846264517577,0.0010820683696478
1.6588138487285138,0.0415759837122023,0.0102208831963678,182500127868.1721,7723.829726161679,0.034132132453822,9.029532146453546,2.2514719086019985,0.65,2.0,0.002,4,8.187241770090813,32.74896708036325,73.68517593081731,130.995868321453,0.0015343020138575,0.0009053949810646
1.0703106230542874,0.022697208344681,0.0078737935245022,204328340452.27808,7607.059949804449,0.0179034766140716,0.6758522241006634,14.96701254435757,0.65,2.0,0.002,4,16.152862219342552,64.61144887737021,145.37575997408297,258.44579550948083,0.00054444400963,0.0002777268324538
2.2165675624025427,0.0318247068105962,0.0129911907217796,207780849497.2106,7779.373330148263,0.0186071920363454,6.927719938743798,8.904865145839734,0.65,2.0,0.002,4,6.1965037625656825,24.78601505026273,55.76853386309115,99.14406020105092,0.0033697861809706,0.0013810499469717
1.5053806559342515,0.047190587312149,0.0067014874690324,218646326965.0394,7820.039038816968,0.0114824191719453,7.981074172419249,10.612171978581204,0.65,2.0,0.002,4,7.09046037260999,28.36184149043996,63.81414335348991,113.44736596175984,0.0034043277886282,0.0014669572790049
2.32088228801783,0.0203130131086971,0.0083051868685235,186239170691.73096,7736.048902165188,0.0458742037820863,0.8890460691640394,2.8929874075109883,0.65,2.0,0.002,4,3.430428292871409,13.721713171485636,30.873854635842683,54.88685268594254,0.0074952187588268,0.0041105951700303
1.6948766511407063,0.0768936920682839,0.0074717514977599,213198943363.74188,7712.587428403238,0.0062895033059011,0.5005844903053919,6.03067973865771,0.65,2.0,0.002,4,6.2010888433742615,24.80435537349705,55.80979959036836,99.21742149398818,0.0021283137174565,0.001014369131594
2.4503982360117544,0.065284316717833,0.0183356500069791,208617489378.22076,7869.898390438083,0.0475302783826811,5.42035506703777,9.81686563951728,0.65,2.0,0.002,4,7.129236417548504,28.516945670194016,64.16312775793655,114.06778268077606,0.0006986221743841,0.000279682558823
2.104665500481399,0.0445701402118633,0.0132900734689612,197293416910.70236,7930.685967840875,0.0459072958909227,9.32789157217208,8.249538585098948,0.65,2.0,0.002,4,6.785649010262943,27.14259604105177,61.070841092366486,108.57038416420708,0.0041390413057175,0.0019281049735807
2.9078898507125173,0.0489859042733264,0.0141211453416488,184844276349.9838,7844.014035252605,0.0299895211943808,9.326100344953025,3.4634305180921623,0.65,2.0,0.002,4,3.676013488813484,14.704053955253936,33.084121399321354,58.81621582101574,0.0351844154246668,0.0192102079380007
1.9522188640663236,0.0368935064059854,0.0110010600204035,201871115456.76184,7856.357364572877,0.0473128764394602,3.388788927578914,8.311806430752844,0.65,2.0,0.002,4,6.634882779922677,26.539531119690707,59.7139450193041,106.15812447876284,0.0020582121332802,0.0009150027696443
1.7745833441719332,0.0269439686786811,0.0179838562738301,204366163271.12375,7658.440873840805,0.0240743481295071,4.2254875290925,17.137307132960714,0.65,2.0,0.002,4,13.376841738314702,53.50736695325881,120.39157564483234,214.02946781303524,0.0005633247345787,0.0002199863427824
2.245084969721522,0.0376286186169076,0.0179550864031781,191340723470.3816,7660.630324873801,0.0482201380401943,9.651292421319644,11.568627325697715,0.65,2.0,0.002,4,8.072771162726989,32.291084650907955,72.65494046454289,129.16433860363182,0.0015327584220936,0.0006002868098091
2.475679642197436,0.073942990809756,0.0198445572630542,203357002561.2516,7881.709571401261,0.0163264853352838,2.9714590846353293,12.91203730316733,0.65,2.0,0.002,4,7.457635094819819,29.83054037927928,67.11871585337838,119.32216151711712,0.0001721440434343,6.543990699206413e-05
2.326906514458173,0.0267106881428406,0.0174879392738601,187054255200.32303,7769.398157871861,0.0298483217851698,5.057584875894754,10.312886728689424,0.65,2.0,0.002,4,7.1862136779550605,28.74485471182024,64.67592310159554,114.97941884728095,0.0015528365737873,0.0006037299336681
2.3324343306107598,0.0719412221212712,0.0071214693203879,194644226488.658,7619.466981936334,0.0063334348689376,9.897619117050263,3.264875627850371,0.65,2.0,0.002,4,3.00011898290723,12.00047593162892,27.001070846165074,48.00190372651568,0.0819801293306317,0.0431947957312466
1.2979556483590422,0.055043800561763,0.0056741210526381,212980102707.67496,7768.364679788247,0.0236639400872888,3.3389914989114677,15.552351642574902,0.65,2.0,0.002,4,7.996737847600668,31.986951390402677,71.970640628406,127.94780556161068,0.0005537092483685,0.0002099748284266
2.752700469212946,0.0689545982419441,0.0065587373613234,201267252626.0127,7861.473144058578,0.0272966987627264,3.963604533440764,3.771133326283864,0.65,2.0,0.002,4,1.9859402234611163,7.943760893844466,17.87346201115005,31.775043575377865,0.0077909469155764,0.0038159621162883
1.3092052206050138,0.0714299442614705,0.0156306192372794,202544911615.29492,7704.707993364994,0.0256029229835195,2.0628783281089933,31.62989093320941,0.65,2.0,0.002,4,21.20179141916041,84.80716567664165,190.8161227724437,339.2286627065666,2.7274935055635676e-05,9.525685570954787e-06
1.1429432159031718,0.0335304647261441,0.0177849272705706,200633899738.88684,7922.761032523685,0.0216311990421286,5.945386636783942,39.47090846625006,0.65,2.0,0.002,4,31.06675683239793,124.26702732959173,279.6008114915814,497.0681093183669,0.0001209622898994,4.4946549013878806e-05
1.6952282984361524,0.0204388909578145,0.0167836300686947,183974608491.91516,7784.187174255348,0.0428066427644248,2.5183929457401284,11.373398758084145,0.65,2.0,0.002,4,12.874520832373474,51.498083329493895,115.87068749136128,205.9923333179756,0.0009127628406152,0.0005025753255942
1.4321970435352502,0.0219360879499313,0.0139528953246427,207559181930.2443,7861.396187579234,0.0305869620270235,9.664141993524268,16.656459266264797,0.65,2.0,0.002,4,15.849266852554726,63.3970674102189,142.64340167299255,253.5882696408756,0.0044921219412892,0.0026579594072665
1.214237787076352,0.0738397547762011,0.0087546314350762,216280212064.46973,7648.047163519596,0.0492770865654479,8.350155801536863,5.859233791575639,0.65,2.0,0.002,4,14.318342540618454,57.27337016247382,128.8650828655661,229.09348064989527,0.0003648667110214,0.0002011994348908
2.527020976199383,0.0486039732555362,0.0073075052788437,210394527093.712,7865.3519951663475,0.0477157445780525,5.341199606033478,3.6980723300830154,0.65,2.0,0.002,4,2.6837300904250623,10.734920361700247,24.15357081382556,42.939681446801,0.0163420262108042,0.0073861615568334
1.3942996868125035,0.0605690257950624,0.0171447933679809,183465608963.60907,7745.495144125531,0.0157432340252982,9.652276785395877,27.80130460859664,0.65,2.0,0.002,4,19.462650775654367,77.85060310261747,175.16385698088934,311.4024124104699,0.0001956493713878,6.949733157355589e-05
1.0245136037300544,0.0579337722252991,0.0199804323878057,191781974151.5997,7673.573780987608,0.0176795131021858,4.311613200292768,28.119892045649447,0.65,2.0,0.002,4,43.15227862999173,172.60911451996694,388.3705076699256,690.4364580798677,1.9783721040672763e-05,9.292506636857204e-06
1.0979535845628088,0.033382739107438,0.0169095258329812,200801886577.2261,7634.647341816504,0.0170581113120209,3.308190039234212,25.37541178540868,0.65,2.0,0.002,4,32.61986246468192,130.47944985872766,293.5787621821372,521.9177994349106,8.379213410989222e-05,3.779021939758077e-05
1.991427858984344,0.0337621078549686,0.0133946780198106,196026233856.0332,7958.736527311779,0.0467563667995962,7.159306454463801,4.471251351771388,0.65,2.0,0.002,4,7.6009418495850944,30.403767398340374,68.40847664626585,121.61506959336153,0.0021124258713656,0.0010862969993747
2.1292333480397456,0.0493867308348429,0.0194317635297974,184656415766.037,7912.026370272789,0.0107165685886397,7.354991653068926,11.05647832498204,0.65,2.0,0.002,4,9.3893016007271,37.5572064029084,84.50371440654389,150.2288256116336,0.0016109850242601,0.0006977501050647
2.283023706182841,0.0795182467736593,0.0162186993639482,204129398176.98636,7757.855397529304,0.049459534621556,8.811438183690182,12.138243961272297,0.65,2.0,0.002,4,7.237796578220768,28.95118631288307,65.14016920398691,115.80474525153228,0.000619953966098,0.0002152626828546
1.173129605591284,0.0671791211272855,0.0073414258268052,193176391487.17245,7742.946118329983,0.0142839495058217,0.8448199745440711,19.129257884959223,0.65,2.0,0.002,4,12.08207661760892,48.328306470435685,108.7386895584803,193.31322588174277,7.0775470013834e-05,2.559464118062302e-05
2.011840026849729,0.0498994294473254,0.0133819037558625,187440174813.3097,7658.865553074378,0.0354809583101798,4.018091418067125,5.353594511490481,0.65,2.0,0.002,4,7.416677322167231,29.666709288668923,66.75009589950508,118.66683715467568,0.0012654277487938,0.0006210345283928
2.796500890356288,0.0537779546800933,0.0187873984839996,191996996233.1158,7645.93386977278,0.0300298303725878,3.5208162187211736,8.971183580578069,0.65,2.0,0.002,4,5.458809333996498,21.83523733598599,49.12928400596847,87.34094934394396,0.0006256988475294,0.0002338934254542
1.008600412069677,0.0469761545030489,0.0160832392358003,189409572613.01825,7883.343204109527,0.0056818768917775,9.089277262713864,67.12119076753784,0.65,2.0,0.002,4,35.14068625992765,140.5627450397106,316.2661763393489,562.2509801588424,3.658322146632164e-05,1.2453985389396838e-05
2.9531300255216557,0.0506513235784339,0.0143213313629415,206965097592.8676,7795.90858228807,0.0303251085936016,2.310739940544751,3.2698775696112,0.65,2.0,0.002,4,3.836742884378472,15.34697153751389,34.53068595940625,61.38788615005556,0.0041633481328731,0.0021721070034051
1.8207844070658925,0.0432071432246177,0.0099265636707222,180606025486.11084,7846.636154705966,0.026307111513915,3.7954982239786186,3.781573882244212,0.65,2.0,0.002,4,6.513816137666885,26.05526455066754,58.624345239001975,104.22105820267016,0.0016836772493409,0.0008392613570444
1.5783084639626732,0.0608938146215048,0.0165593383080277,215227046595.09515,7967.438047901484,0.0158585857084684,1.377038383759422,4.5015277277116335,0.65,2.0,0.002,4,15.66670036557863,62.66680146231452,141.00030329020765,250.66720584925807,2.72803663926599e-05,1.5545778425850818e-05
1.8412580773163316,0.0412102594053328,0.0147506602173812,199841869770.38892,7756.019119084641,0.0338072781884083,3.56565869601995,2.6221989532734065,0.65,2.0,0.002,4,10.01463648585554,40.05854594342216,90.13172837269988,160.23418377368864,0.0002737687276111,0.0001648350973661
2.8811247736961265,0.0784605431226191,0.0120121015990668,209025663305.7257,7939.484776671925,0.0102517241078522,0.9377270923568256,4.850859592668062,0.65,2.0,0.002,4,3.3668809641016355,13.467523856406542,30.30192867691472,53.87009542562617,0.0006825388421948,0.0003237964035247
2.984816497668924,0.0765538662368175,0.0102414855478063,190400215237.7964,7922.147811872944,0.0240174522588262,9.681101695872613,4.656534986906308,0.65,2.0,0.002,4,2.55546057073126,10.22184228292504,22.99914513658134,40.88736913170016,0.0075362595513324,0.0033901630143168
1.6853620368742068,0.0530883272174985,0.0168505733245734,189359677709.2725,7985.635989863867,0.0316578952621316,0.1781858768645665,3.2129309399489405,0.65,2.0,0.002,4,13.099252680909604,52.39701072363842,117.89327412818643,209.58804289455367,5.073656995982358e-06,3.163136002184996e-06
1.018982983819165,0.0551869858986199,0.0128815083577234,212475087114.5241,7674.801850522655,0.0416930570531303,0.2513077415300794,37.211270309751846,0.65,2.0,0.002,4,29.599374422080224,118.3974976883209,266.3943697987221,473.5899907532836,4.492482526018127e-06,1.8543498189288e-06
2.554785462575256,0.0745986263910271,0.0115750489435637,183259359205.53867,7919.491495691395,0.044832669497273,4.195236679867823,2.46817067371914,0.65,2.0,0.002,4,3.86836683283771,15.47346733135084,34.81530149553939,61.89386932540336,0.0028204004206533,0.0014654195178048
1.4699210696894722,0.0280052042438337,0.0058276676685158,219067694167.9853,7814.710730904244,0.0378340007279313,7.752437124000181,5.401614554106544,0.65,2.0,0.002,4,6.475431543192169,25.90172617276868,58.27888388872952,103.6069046910747,0.01900549775786,0.0098485026129377
2.7296336537954438,0.062433436037624,0.0193340275917894,200096766302.42896,7955.076532087101,0.0293179382283842,5.176612940601786,2.1852089459381494,0.65,2.0,0.002,4,5.90120516911022,23.60482067644088,53.11084652199198,94.41928270576352,0.0006761445392584,0.0003726485634982
2.851613838609711,0.067635344091414,0.0160507554725383,199508883245.4261,7960.086319312532,0.0268841055839759,9.309829274623812,7.372250670961507,0.65,2.0,0.002,4,4.480902925208362,17.923611700833447,40.328126326875264,71.69444680333379,0.0022091824981694,0.0008714518015284
1.6296504351904215,0.0249337932935894,0.0114578330560719,202583414197.19565,7739.7418676756115,0.0230692274689954,7.1728453560440455,18.1339768879269,0.65,2.0,0.002,4,10.008789029905142,40.03515611962057,90.07910126914628,160.14062447848227,0.0010418608152146,0.0003604670528314
1.1464919723351028,0.0306880486245041,0.0065142679894717,210592517934.2336,7934.368432366737,0.0133904881937559,2.270790334138601,9.051047834975394,0.65,2.0,0.002,4,11.577588933206668,46.31035573282667,104.19830039886,185.2414229313067,0.0012957019016048,0.0005959975548637
1.1513720309925142,0.0579387073592815,0.0068061730381905,206177908657.3292,7767.090315129399,0.0373146374946952,0.6167028045216533,14.383549223138472,0.65,2.0,0.002,4,11.994793536030262,47.979174144121046,107.95314182427236,191.91669657648416,0.0001521450137239,6.727901474870771e-05
2.812362731496228,0.0786002220083639,0.0147519589894706,217996918280.8952,7630.263785050027,0.0211675255698307,0.1862755035346635,8.888000849348582,0.65,2.0,0.002,4,4.520554224983229,18.08221689993292,40.68498802484907,72.32886759973167,2.5714697835771663e-05,1.1501239474821004e-05
1.247638185353949,0.0429889323415752,0.0181929133957217,184262718807.6305,7793.441700701648,0.0430152618893628,5.613929977937987,14.910787306689055,0.65,2.0,0.002,4,25.769635838464588,103.07854335385836,231.92672254618125,412.3141734154334,8.369780287968106e-05,4.248827867419037e-05
2.18080672746792,0.0449711991330993,0.0065847761761599,212457491753.85944,7696.698144456142,0.046093588591076,7.780796058113796,1.1402488155023371,0.65,2.0,0.002,4,3.2985244890639427,13.19409795625577,29.686720401575485,52.77639182502308,0.0130581576667626,0.0073458263877384
2.3217363918495986,0.0459008648706214,0.0162168458471999,198315894790.05545,7765.770908443256,0.0286377423607707,3.245451114612009,2.672369607902711,0.65,2.0,0.002,4,6.893762218840421,27.575048875361684,62.04385996956378,110.30019550144674,0.0005258328554554,0.0002880567877558
1.7747858595287074,0.0764704165595111,0.0098596932012772,212596090362.0801,7899.530800187338,0.0350565741526341,9.21196468230459,6.879350927693023,0.65,2.0,0.002,4,7.363388657183033,29.45355462873213,66.27049791464731,117.81421851492853,0.0068742314562595,0.0040516792679498
1.8183528641368825,0.075237999737683,0.0077118303561836,187409173914.0179,7741.505946490055,0.0077197453240171,0.8417201376595921,1.1435748705617763,0.65,2.0,0.002,4,5.203710039333115,20.81484015733246,46.83339035399804,83.25936062932983,0.0002437743668313,0.0001504943569748
1.97814446604446,0.0453141782227365,0.0133636008365858,209145314209.8709,7741.19690899323,0.0231982562499775,2.7965754813055232,6.531621082070877,0.65,2.0,0.002,4,8.04927472647372,32.19709890589488,72.44347253826348,128.78839562357953,0.001184127536409,0.0005767332000419
2.0246169245765,0.0531451490685164,0.0112653016649607,206571707539.56268,7729.915951113443,0.0382846764857448,5.100642069598384,5.38399522278814,0.65,2.0,0.002,4,6.442202733413375,25.7688109336535,57.97982460072039,103.075243734614,0.0034949393305822,0.0018152262642527
1.3974086280635156,0.0476928240142165,0.0146046187456021,210516702075.038,7964.773074755078,0.0451071514368081,2.4376069732274783,16.745691065556827,0.65,2.0,0.002,4,17.435291506326394,69.74116602530557,156.91762355693757,278.9646641012223,0.0003710641880409,0.0002438297189051
2.73722619410442,0.0745881208469402,0.0180747366221232,206844640306.02197,7610.839780746312,0.0477851115854806,0.7712944540843251,2.67500673203206,0.65,2.0,0.002,4,5.702767990011786,22.811071960047144,51.32491191010608,91.24428784018858,0.0001065163445414,6.130009654567103e-05
1.401306591190382,0.0348034345236648,0.0178081869314421,183888528657.0688,7914.35290507229,0.011000332477847,4.698260049596225,25.09567451155727,0.65,2.0,0.002,4,19.822217782314212,79.28887112925686,178.39996004082795,317.15548451702745,0.0002437213773688,9.322884687210812e-05
2.219770667878195,0.0701364707182292,0.0131211023569021,188948419322.694,7704.666532294364,0.0095378264732481,7.385650463438991,2.3362304592378744,0.65,2.0,0.002,4,5.9796817278072085,23.918726911228838,53.81713555026488,95.67490764491534,0.0013313038623845,0.0007171900840971
1.2264170338721447,0.0558885273276964,0.015802696685005,204438712764.53177,7898.386373883809,0.0103501070656185,7.637948568708354,13.928410418418506,0.65,2.0,0.002,4,24.23798387305755,96.9519354922302,218.141854857518,387.8077419689208,0.000120935647464,5.802989067507204e-05
1.269397482711306,0.0489696567724962,0.0114963903900076,201627813932.0748,7756.457144065977,0.0329196761816252,3.985313156918744,19.854624320940765,0.65,2.0,0.002,4,16.49449461992268,65.97797847969072,148.45045157930412,263.9119139187629,0.0003689289115039,0.0001567719555881
1.927619076058154,0.0472091812480441,0.011179049889351,208123769499.38477,7767.925945071367,0.0090051672575129,8.535390260905512,6.815677544042076,0.65,2.0,0.002,4,7.061549708176002,28.246198832704007,63.553947373584016,112.98479533081604,0.0246076500466777,0.0132267443532951
2.4830786095248216,0.0619286772793112,0.0159813335967059,210058592566.77023,7676.302356448486,0.0207073161366081,3.983314558676459,9.507739412322522,0.65,2.0,0.002,4,6.148306693609261,24.59322677443705,55.33476024248335,98.37290709774818,0.0006687244019348,0.0002663316280992
1.4819851165578684,0.0514335204080744,0.0186977115131603,194127992445.70468,7789.083796154495,0.0469780127574672,5.043204783567306,33.83489851771024,0.65,2.0,0.002,4,19.272183327170584,77.08873330868234,173.44964994453525,308.35493323472934,5.905769175509948e-05,1.880392513820941e-05
1.6493003233661483,0.0749385678310381,0.0064760539641338,199120566012.61075,7820.804503818498,0.0105264777679475,7.399804660043852,5.748540774890816,0.65,2.0,0.002,4,5.447190563711528,21.788762254846112,49.02471507340376,87.15504901938445,0.0260560841594964,0.0146417712309793
1.251568952555252,0.0570155024979534,0.0179776968567431,180919625293.76276,7815.99447814447,0.0161042730741308,4.8360490966838485,41.7836593479007,0.65,2.0,0.002,4,25.03827831594789,100.15311326379155,225.344504843531,400.6124530551663,3.945854180249191e-05,1.23746097841406e-05
2.168195937825472,0.0589907960932891,0.0062666648170983,196632296086.8244,7616.645669544757,0.0272295868660033,3.365626002094575,1.413212746236724,0.65,2.0,0.002,4,3.0712432610984823,12.28497304439393,27.64118934988634,49.13989217757572,0.005967080383256,0.0034059614859086
2.833279720478911,0.0386829646561193,0.0149098822267569,219569409960.7097,7867.780317424777,0.0286292658135281,5.257107341820661,3.908425530451292,0.65,2.0,0.002,4,4.449224966696393,17.796899866785573,40.04302470026754,71.18759946714229,0.0102995866602541,0.0054672332275259
1.5995254162963737,0.0235176168197696,0.0164732869009465,187138149592.38315,7740.4447498963,0.0317595317494005,0.7793022873338085,8.089175292345084,0.65,2.0,0.002,4,14.355735017858896,57.42294007143558,129.20161516073006,229.69176028574236,7.481450254250931e-05,3.787792267976334e-05
2.3846621943652506,0.0572405595181657,0.0174849310097491,213787337897.68225,7852.414109589175,0.0292262622327629,9.148681863217323,11.94743937692085,0.65,2.0,0.002,4,7.274930290582115,29.09972116232846,65.47437261523903,116.39888464931384,0.0009025743775442,0.0003223322147332
1.55779382927724,0.0523283080107078,0.0060452196151164,181676568910.4681,7780.894894003959,0.0148135437514952,0.1714440946123436,7.766410084886697,0.65,2.0,0.002,4,5.45828318369618,21.83313273478472,49.12454865326562,87.33253093913888,0.0001482773420505,6.36464221007274e-05
2.306637491526068,0.0657883892126461,0.0195313830968111,213554612549.04068,7742.376147803859,0.0290612226790964,2.237608132947685,16.992707019392935,0.65,2.0,0.002,4,8.742203342006501,34.968813368026005,78.67983007805852,139.87525347210402,7.460911015417099e-05,2.715011902079365e-05
2.6945272411986867,0.023303868308143,0.00908448592977,184326071360.7505,7778.815456172104,0.0336617235839088,5.356853680601416,4.585432838861732,0.65,2.0,0.002,4,2.7618564540673405,11.047425816269362,24.856708086606066,44.18970326507745,0.0168499874048561,0.0071031603084974
1.7480921226850152,0.0421173892320089,0.0054757572921633,196951577217.1605,7763.341678167732,0.0151155995840632,2.548500408043698,5.121699906658579,0.65,2.0,0.002,4,4.09260842398326,16.37043369593304,36.83347581584934,65.48173478373216,0.0087371888778047,0.0040354829304529
1.9461694793376028,0.0729062260581345,0.0116591487028677,199104561098.4625,7853.181007085956,0.0147155629723528,2.251825613315323,7.855553497584021,0.65,2.0,0.002,4,7.02833706394532,28.11334825578128,63.25503357550788,112.45339302312512,0.0013760770703959,0.0006672409254695
1.07852849231044,0.0578598241381532,0.0053798284462208,211234853770.90756,7893.540375002191,0.0439447996387692,1.661356130981264,13.93693489397516,0.65,2.0,0.002,4,10.84879012031658,43.39516048126632,97.6391110828492,173.5806419250653,0.0004490080795042,0.0001882640729516
2.898180982462759,0.0660722519314277,0.0080664587460708,187777994338.56644,7951.908604352288,0.0113862165355006,5.882961025591643,1.8640230402478888,0.65,2.0,0.002,4,2.116156703535064,8.464626814140255,19.04541033181557,33.85850725656102,0.0652502917283535,0.0338935036256506
1.7888518591451894,0.0539279549765742,0.0065891353548644,189031007762.65063,7936.278468213504,0.0228448725272981,4.001432485211056,2.929002811688226,0.65,2.0,0.002,4,4.556873845002293,18.227495380009174,41.01186460502065,72.9099815200367,0.0050346471211499,0.0025163677393037
2.467248920545839,0.0361561766827443,0.0148354901017102,209409045803.47705,7646.966651793629,0.0195758367952626,4.122429874548464,9.233960329472678,0.65,2.0,0.002,4,5.783068515638477,23.132274062553908,52.04761664074629,92.52909625021564,0.0013557022248787,0.0005363546658276
2.8994902854590245,0.0795140324285553,0.0121460342841932,187097181855.2404,7795.177794731633,0.0096040816287372,8.738107478802702,3.8802124491460166,0.65,2.0,0.002,4,3.2095271296417125,12.83810851856685,28.885744166775417,51.3524340742674,0.0143462687401905,0.0067680486323993
2.889937350846963,0.066490802339901,0.016112008536748,192180639059.8408,7795.270469269743,0.0430035576029604,8.813541130619098,6.42396042507026,0.65,2.0,0.002,4,4.343514779916612,17.37405911966645,39.09163301924952,69.4962364786658,0.0027718829241973,0.0011474284023895
2.357971321829874,0.0242701293528736,0.0196384188842198,207381079143.4325,7672.69182712477,0.0056342590457835,3.411182632831666,3.955682538515632,0.65,2.0,0.002,4,8.326632994495368,33.30653197798147,74.93969695045833,133.2261279119259,0.0006992203749509,0.0003781182016342
1.9489718484431415,0.0273578090154133,0.0098642515276983,202731041569.9112,7740.429755397519,0.041609681391754,9.48425953087587,3.830375955380098,0.65,2.0,0.002,4,6.026426283703343,24.105705134813373,54.23783655333009,96.4228205392535,0.0086335987862322,0.0043363970357242
2.988557347831682,0.0562849227977354,0.0062651734165746,182611089379.1464,7629.9686785037875,0.0315451736280928,8.114834103041114,1.439923364880244,0.65,2.0,0.002,4,1.5561138160389698,6.224455264155879,14.005024344350728,24.89782105662352,0.2411507352639238,0.1102175251936008
1.1611803170165396,0.0452812560992003,0.0091708584906329,184882038972.7908,7842.230799039268,0.0168462669660619,4.683349007252836,6.676755700421144,0.65,2.0,0.002,4,14.975021905372554,59.900087621490215,134.775197148353,239.6003504859609,0.0003044338551669,0.0001654511464046
2.402810971304612,0.0436987521509758,0.0054819771164663,200880477796.3105,7657.744059036401,0.0075221740192052,3.5131203695651387,0.9794893275591042,0.65,2.0,0.002,4,2.2051884167516875,8.82075366700675,19.84669575076519,35.283014668027,0.0194325275931259,0.0108235694625744
1.4310016988626453,0.031407168921817,0.0072838378251735,212791373976.4939,7796.02202279579,0.020212095679666,3.3155909715130343,5.862718904654776,0.65,2.0,0.002,4,8.426548091687936,33.70619236675174,75.83893282519143,134.82476946700697,0.0022471343246493,0.0010800545736155
1.0606544573722343,0.0410594092443626,0.0189416603215656,203055206683.0175,7930.705374138406,0.0267581343380165,1.062678156319118,20.725860482659467,0.65,2.0,0.002,4,38.63230421571884,154.52921686287536,347.69073794146954,618.1168674515014,6.308862614316271e-06,3.307271728686822e-06
2.5238197971621705,0.0489552542233742,0.0127522096003438,215582910671.42505,7643.687861259843,0.0319731730780132,2.8933813366277383,1.2828223672142298,0.65,2.0,0.002,4,4.821183978415336,19.284735913661343,43.39065580573803,77.13894365464537,0.000958170720139,0.0005682007021732
2.257502224503737,0.0504952074641078,0.0189958711983623,196925293035.83847,7654.236103183278,0.0198385491760857,3.992796918608189,10.713117962428448,0.65,2.0,0.002,4,8.572982147264886,34.291928589059545,77.15683932538398,137.16771435623818,0.0007439061178462,0.0003093132300888
1.5931696132252826,0.0513535443074095,0.005994810199456,214197683020.14737,7950.990657745688,0.0193257766426949,7.775593009316221,7.112130191183587,0.65,2.0,0.002,4,5.558753621981718,22.235014487926872,50.02878259783546,88.94005795170749,0.0094091903974304,0.0040579525264773
2.289210679668667,0.0246359618152192,0.0071327901952254,216007435804.19385,7953.7992592418,0.0478324601913861,4.335724576550405,5.182546633560867,0.65,2.0,0.002,4,3.2163567603633094,12.865427041453238,28.94721084326979,51.46170816581295,0.0122241425706489,0.0049038931286183
2.159605587011113,0.0380148481839611,0.0060110352509277,192786509622.4412,7684.81226428454,0.0451703195781183,2.735004934917618,5.719622765050248,0.65,2.0,0.002,4,2.9271928336554724,11.70877133462189,26.34473550289925,46.83508533848756,0.0043735986451484,0.0019104790197203
2.537906994264719,0.020847404548741,0.0164009455865808,213421500058.1967,7765.060501118231,0.0272251104804445,0.6184935339599406,3.113488240627008,0.65,2.0,0.002,4,6.0533167349917765,24.213266939967102,54.479850614926,96.85306775986842,0.0003162249417788,0.0001805541645453
1.308381764379263,0.0517197451137866,0.0062953951175239,215138886215.8395,7969.715903763843,0.0419725911655131,5.669028395484188,10.42873061106141,0.65,2.0,0.002,4,8.664057376451565,34.65622950580626,77.9765163880641,138.62491802322504,0.0030083103984556,0.0013755882243729
1.172968392490769,0.058050992923711,0.0179573742539563,181646128002.096,7658.108986946414,0.0115875422998793,6.06252106794315,53.560880670773614,0.65,2.0,0.002,4,28.82383546151564,115.29534184606256,259.41451915364075,461.1813673842503,2.8143752659983365e-05,9.000308538665213e-06
1.5547644042789557,0.0694055477006756,0.012292717693691,214108309618.0746,7643.279527456951,0.04865346845278,7.694303286566716,18.519045707198057,0.65,2.0,0.002,4,12.20463719859696,48.81854879438784,109.84173478737266,195.27419517755135,0.0003669495239217,0.0001317998093958
1.1170108162162704,0.0472135585795948,0.0103934298993621,197957390116.01697,7616.678920983091,0.0183023109724522,6.4702395336437135,8.215757547884499,0.65,2.0,0.002,4,19.25645875330865,77.02583501323458,173.3081287797778,308.10334005293834,0.0002174717902545,0.0001172128002744
2.705553286504279,0.065085070984331,0.0144231988955625,216304983100.77933,7807.8947210937,0.0335010578384161,4.175043448285497,3.711781563685505,0.65,2.0,0.002,4,4.702674834417529,18.810699337670115,42.32407350975776,75.24279735068046,0.0028856594827857,0.0014695176643452
1.7845522851077782,0.0724812333060771,0.0198982721143168,193560139643.31345,7610.913785372725,0.0321967049944407,9.046111894591984,4.230719806324244,0.65,2.0,0.002,4,14.28813774387925,57.152550975517,128.59323969491328,228.610203902068,0.0001576451158159,9.031245719789062e-05
2.3922196244106635,0.0335956324546626,0.0088973258478357,191924612308.25024,7896.425090731188,0.0244523608032693,9.5990877795678,0.946641214613877,0.65,2.0,0.002,4,3.4756555411196484,13.902622164478592,31.28089987007684,55.61048865791437,0.0126322181577873,0.0076190236426847
2.195179184767228,0.0595253598144761,0.0125361386078096,195954102066.40308,7628.622371474744,0.0363309093195476,9.046889858407855,9.900190137951984,0.65,2.0,0.002,4,5.978706148441995,23.91482459376798,53.80835533597796,95.65929837507193,0.0017542648713047,0.0006349081838031
1.9118574163780997,0.068151566168491,0.0097685403276056,195405727452.51785,7694.909795691857,0.0307565293708276,6.626740318370572,4.721734968646079,0.65,2.0,0.002,4,6.106815588469979,24.427262353879915,54.96134029622981,97.70904941551966,0.0036829087176014,0.0018447974876852
2.951801092643856,0.0276558461849261,0.0163496367587575,192710571606.6713,7814.859119788125,0.0442719595446918,9.368057769594582,2.6721279322960187,0.65,2.0,0.002,4,4.225278863467975,16.9011154538719,38.027509771211776,67.6044618154876,0.0101245360673856,0.0052042555302294
1.9415851895648644,0.0300910657140003,0.0082819226948445,194836738637.96198,7882.831959996224,0.0425169228478398,3.1414185714443428,4.536550877319677,0.65,2.0,0.002,4,4.952697655208806,19.810790620835224,44.57427889687926,79.2431624833409,0.0126494578880992,0.007487951188549
2.8828573059562728,0.0429617671941505,0.0197689692236513,202260861828.5617,7995.997270895563,0.0334348678327759,3.528724262501969,8.93001545429345,0.65,2.0,0.002,4,5.42483576362908,21.69934305451632,48.82352187266172,86.79737221806528,0.0007128372102432,0.0002640692568716
1.0945006777129702,0.0657350808982107,0.0198077949806254,181795212899.05103,7899.228383631957,0.0082337974628432,5.962114966546301,56.14578561364176,0.65,2.0,0.002,4,35.96931795871692,143.87727183486768,323.72386162845225,575.5090873394707,2.188221170872792e-05,7.304814335347808e-06
2.475714362720816,0.030260208994169,0.0113856878562037,199481819735.16623,7673.788633671642,0.0092549907798528,3.545328845243599,8.220573989760727,0.65,2.0,0.002,4,4.294713516891224,17.178854067564895,38.65242165202101,68.71541627025958,0.002093950875692,0.0010151260995523
2.8884244734887483,0.0326839238879883,0.0136022814735201,217162290154.2412,7827.882611955008,0.0188595402244931,8.135394523136425,1.7517200554076104,0.65,2.0,0.002,4,3.8939380121329616,15.575752048531848,35.04544210919666,62.303008194127386,0.0073387615432411,0.0040805832269847
2.0552371102814027,0.0763217255839703,0.0081434851422771,183092390536.97653,7772.650288150346,0.0311998364395439,6.83189491116173,7.076193723556863,0.65,2.0,0.002,4,4.2429340321535935,16.971736128614374,38.18640628938235,67.8869445144575,0.0030894913972089,0.0012044042868977
2.9514822574058703,0.0740186957079252,0.0094111698189928,184847072237.04727,7625.900700280035,0.0139097209458143,2.298863352037241,4.340458384758678,0.65,2.0,0.002,4,2.4118662791565013,9.647465116626003,21.70679651240851,38.58986046650402,0.0025063950267646,0.0012214775130158
2.2127829584794645,0.0667148206297555,0.0195037001041396,190073636038.77795,7631.557912395597,0.048933711995312,6.066152408044906,2.082724595192841,0.65,2.0,0.002,4,9.014112365822216,36.056449463288864,81.12701129239994,144.22579785315546,0.0002486835891199,0.0001601191210877
2.395229129126605,0.0296822685515546,0.0196636432634544,187781427353.61887,7621.0854890222845,0.0429596106243679,2.102485758318504,1.8763833020480285,0.65,2.0,0.002,4,7.714663945065151,30.858655780260605,69.43197550558637,123.43462312104242,0.0002729984500836,0.0001718594371889
2.619376615616453,0.0712475454668465,0.0098914983438307,201121921150.0084,7909.338941042461,0.0111643481754986,7.27146970423561,1.237760381414061,0.65,2.0,0.002,4,3.296514994352667,13.186059977410668,29.668634949174,52.74423990964267,0.0053886661139561,0.0029639565007804
2.479179851592332,0.0634626499020541,0.016070127165325,182960788296.60724,7625.30862059785,0.0212503974453247,5.323207474033077,9.133403265478409,0.65,2.0,0.002,4,5.807414151799455,23.22965660719782,52.26672736619511,92.91862642879128,0.0009419962253841,0.0003723592852782
1.6140510786791284,0.0276263798259272,0.0163274630674512,216965712407.49127,7915.90021482666,0.0325677123245377,8.151005864544704,13.801500453441578,0.65,2.0,0.002,4,14.878488482495571,59.513953929982286,133.90639634246014,238.05581571992917,0.0024316305433446,0.001386582862706
2.1139486648297643,0.0783147891946798,0.0128145298735736,181644306446.65305,7825.078066612879,0.0399653105011113,9.850858014706764,2.441177025161977,0.65,2.0,0.002,4,6.264834662297423,25.05933864918969,56.383511960676806,100.23735459675876,0.0014067402819651,0.0007792214516384
2.272992239354336,0.028388348819572,0.0104335091548783,202217036607.66156,7815.304972514868,0.0423785309039918,9.328500462022504,1.773923466561611,0.65,2.0,0.002,4,4.658001837439376,18.632007349757504,41.92201653695439,74.52802939903002,0.0080811206141071,0.0044410813043948
1.8456300341998144,0.0603155424762137,0.0063140480275753,193796362911.0469,7672.140694800097,0.0091439471530831,7.7571231131439164,1.8405002999181437,0.65,2.0,0.002,4,4.224374078230892,16.89749631292357,38.01936670407802,67.58998525169427,0.0070631556227246,0.0039586603998942
