L,b,h,E,rho,damping_ratio,force_amplitude,excitation_frequency,observation_point,simulation_time,time_step,number_of_modes,f1,f2,f3,f4,peak_displacement,rms_displacement,first_natural_frequency,modal_stiffness,modal_mass,frequency_ratio,resonance_proximity
2.949558856115305,0.0635682429845845,0.0090036246444645,194858867606.7213,7768.993170731514,0.0386390175864728,9.264402941018886,1.8298702227135024,0.65,2.0,0.002,4,2.35022920879472,9.40091683517888,21.15206287915248,37.60366734071552,0.0393891706975669,0.0208291045188379,2.350229208794714,1429.9787217107291,6.55766760875273,0.7785922393722307,0.22140776062776935
1.420986179543411,0.0569158452706312,0.0061536249575812,203097665697.7852,7650.368280594575,0.0418397685639196,9.40179237726222,3.641098457676705,0.65,2.0,0.002,4,7.120194623261565,28.48077849304626,64.08175160935409,113.92311397218504,0.0032839880065532,0.0019330078638633,7.120194623261548,3810.218495070434,1.903734649482036,0.51137625448907,0.48862374551093
2.1538416361993056,0.0227952565440999,0.0155638257249467,200267294710.12463,7941.808690999206,0.0357095242643568,0.1440212209801074,4.357023178690596,0.65,2.0,0.002,4,7.639472677308394,30.557890709233572,68.75525409577554,122.2315628369343,5.252971342271915e-05,2.682300564216134e-05,7.639472677308353,6991.18086580567,3.034338566760537,0.5703303569148603,0.42966964308513966
1.3786190393593596,0.0344684381759556,0.01539061826574,214076123300.054,7670.884858725725,0.0415555574537381,7.902142152238221,32.33347675508034,0.65,2.0,0.002,4,19.39805383414617,77.5922153365847,174.5824845073156,310.3688613463388,0.0001974511713625,6.271605993592035e-05,19.398053834146175,41669.03753076563,2.805029364361769,1.66684127343559,0.66684127343559
1.965171704731698,0.0557576076357213,0.0165236042607531,205366295611.2769,7956.821742663477,0.0381069612773835,5.234609595366929,4.08791915490207,0.65,2.0,0.002,4,9.856615259245531,39.426461036982126,88.7095373332098,157.7058441479285,0.0003313158028004,0.0001808757404339,9.856615259245531,27627.042645560512,7.203093494906555,0.41473863465124006,0.5852613653487599
2.939894179007595,0.0504682484840052,0.0058100105707387,182722934228.49905,7786.945879346676,0.0345949041200594,1.633278898740471,0.3831164910884151,0.65,2.0,0.002,4,1.4765757513771196,5.906303005508478,13.289181762394076,23.625212022033917,0.0118373819178143,0.0072176494068944,1.4765757513771134,288.89180011861083,3.356325048964453,0.25946280827861723,0.7405371917213828
2.4532702572077936,0.0338667766536112,0.0142408091431781,206370572280.90625,7731.371241381901,0.0418475239441723,8.86517189264976,9.640504680597834,0.65,2.0,0.002,4,5.543304726925984,22.173218907703937,49.88974254233386,88.69287563081575,0.0026528611395471,0.000954217554084,5.543304726925975,5548.526933033848,4.573834596111028,1.739125874457194,0.739125874457194
2.614732463238544,0.0718561258829752,0.0121749825105334,200938815307.30444,7796.629311851676,0.0288385788256302,1.11596115115603,4.0196340559911485,0.65,2.0,0.002,4,4.099411902687607,16.39764761075043,36.89470712418847,65.59059044300172,0.0036188829147834,0.0017976450892959,4.099411902687594,5916.149586742657,8.917359884441396,0.9805391971848102,0.019460802815189804
2.8368061349635707,0.0618129502529979,0.0196767445934338,193154812383.49664,7692.934633760773,0.0063165524651242,3.528814890930096,7.137484610671412,0.65,2.0,0.002,4,5.555586741973735,22.22234696789494,50.00028067776362,88.88938787157976,0.0011863865814848,0.0005431745646255,5.555586741973735,16171.266241498806,13.271634873800656,1.2847400179617527,0.28474001796175274
2.909135693745629,0.0686336366070907,0.0101470643726519,213657274045.75504,7807.52569966152,0.0206038624217478,8.412154736438222,4.4194284166,0.65,2.0,0.002,4,2.844093317830155,11.37637327132062,25.5968398604714,45.50549308528248,0.009139179480706,0.0040703956282777,2.844093317830132,2525.6446859026846,7.9090593078810345,1.5538971203560055,0.5538971203560055
2.18080672746792,0.0449711991330993,0.0065847761761599,212457491753.85944,7696.698144456142,0.046093588591076,7.780796058113796,1.1402488155023371,0.65,2.0,0.002,4,3.2985244890639427,13.19409795625577,29.686720401575485,52.77639182502308,0.0130581576667626,0.0073458263877384,3.2985244890639307,1067.4960691093918,2.485233060398186,0.34568450811348134,0.6543154918865186
1.320789551504354,0.0212007955075832,0.0164470617673119,204022688121.426,7644.368656487523,0.0121777990268157,1.395700347991966,11.050456530244988,0.65,2.0,0.002,4,22.08608550820254,88.34434203281016,198.77476957382288,353.37736813124064,5.251179160510357e-05,2.954605072393698e-05,22.086085508202412,33898.69409016151,1.76029612362122,0.500335676330739,0.49966432366926095
2.427415911059593,0.0319922977057829,0.0199403268608159,180367297809.7065,7691.916792499596,0.0068928078772623,7.848291780957173,9.226449341022713,0.65,2.0,0.002,4,7.430785911655379,29.72314364662152,66.87707320489841,118.89257458648606,0.0032424479296002,0.0014987326923036,7.430785911655347,12982.421835199275,5.955613170896608,1.2416518859130135,0.24165188591301345
2.492566871031431,0.0502995356611101,0.010228958849711,211475672699.1864,7846.7130990168835,0.0278270764687398,7.753760257834535,4.576038182482522,0.65,2.0,0.002,4,3.8757287027688734,15.502914811075494,34.88155832491986,62.01165924430197,0.0159411755534435,0.007676955899702,3.8757287027688374,2983.777805001741,5.031529274882868,1.1806910476508277,0.18069104765082766
2.96921475320186,0.0348741013898709,0.0061392254885781,202477636944.04712,7731.5142391240415,0.0195052447763619,0.1701450062824856,2.057420457542828,0.65,2.0,0.002,4,1.6159051727799931,6.463620691119973,14.543146555019945,25.854482764479894,0.0036754142327985,0.0019542236251138,1.6159051727799896,253.32862393968804,2.457495803911644,1.2732309371862827,0.27323093718628266
2.479179851592332,0.0634626499020541,0.016070127165325,182960788296.60724,7625.30862059785,0.0212503974453247,5.323207474033077,9.133403265478409,0.65,2.0,0.002,4,5.807414151799455,23.22965660719782,52.26672736619511,92.91862642879128,0.0009419962253841,0.0003723592852782,5.807414151799421,12835.072116528543,9.639910002148682,1.5727142970591195,0.5727142970591195
2.452133408451929,0.0231338425165589,0.0199209226380936,213722354101.4912,7733.986666895393,0.0228560948722363,9.640696422600197,14.881882613891774,0.65,2.0,0.002,4,7.897211684020837,31.588846736083347,71.07490515618753,126.3553869443334,0.0012371488190017,0.0004603571418843,7.897211684020817,10759.250943039051,4.369932627550896,1.8844477277978642,0.8844477277978642
2.605291675990795,0.0495777241367486,0.0159193155000871,210028102037.43365,7802.705575868093,0.0466413294314059,9.903383661167547,4.671198680494942,0.65,2.0,0.002,4,5.51768666297377,22.07074665189508,49.65917996676394,88.28298660758033,0.0068910664544248,0.0037712322178318,5.517686662973749,9641.760905766429,8.021998058840685,0.846586434826186,0.153413565173814
1.218712155950003,0.0317732179090919,0.0061786305087407,219206021634.46976,7649.142650364512,0.0140382925517612,8.115888898036253,6.504761808123185,0.65,2.0,0.002,4,10.098085708935928,40.39234283574371,90.88277138042336,161.56937134297485,0.0040111731413361,0.001934892374019,10.098085708935928,3683.6229926981923,0.9150342146818878,0.644157912263216,0.35584208773678405
2.3078108612421264,0.0626000564733527,0.0157419641148925,215003995882.4589,7845.44217401877,0.0175197718274625,1.085145464368026,9.059683139298766,0.65,2.0,0.002,4,7.016205472338986,28.064821889355944,63.14584925105088,112.25928755742378,0.0002530339807629,0.0001060132983756,7.016205472338954,17337.465937010726,8.921159128739694,1.2912511150102606,0.2912511150102606
1.071664326891283,0.0650892494997173,0.0170383567949658,188544899034.86475,7795.9596134629855,0.0352396750491445,7.451151263949621,64.34712715701,0.65,2.0,0.002,4,33.08354330855936,132.33417323423745,297.7518897770342,529.3366929369497,1.95803509045016e-05,6.111508306112802e-06,33.08354330855933,200179.27069787224,4.632712312636796,1.9449889800758493,0.9449889800758493
1.7079586686052557,0.0397037914263852,0.0084197170128929,199073519067.3257,7644.0511760497775,0.0255455214300673,0.4229413952264224,13.001610639162433,0.65,2.0,0.002,4,6.679085288516934,26.71634115406773,60.111767596652406,106.86536461627094,9.462705838909074e-05,3.703228021998666e-05,6.679085288516874,3843.210197943727,2.1822295028812944,1.946615453693287,0.9466154536932869
1.891744742882308,0.06763540990082,0.0092384719300159,188527755083.98795,7819.51949752922,0.0101889713601918,2.859617218515814,2.86945670393784,0.65,2.0,0.002,4,5.747803873811708,22.99121549524683,51.730234864305366,91.96486198098732,0.0008688141874947,0.0005126932718359,5.7478038738116854,6027.684259592223,4.621541709866114,0.4992266206249214,0.5007733793750786
1.5162165216127508,0.0415098344635636,0.0051392657813525,196694537983.20947,7601.107390305565,0.0304256946164601,7.069884812826254,6.249147141387162,0.65,2.0,0.002,4,5.156625580824973,20.62650232329989,46.40963022742476,82.50600929319957,0.0177443994548754,0.0080691413958542,5.156625580824925,1290.4795037185522,1.2293064973064942,1.211867536907239,0.21186753690723892
2.169226424431676,0.020566143657659,0.0135475983234801,205344151437.67444,7966.104500617628,0.0236174753148884,5.787229826786447,6.99279075943858,0.65,2.0,0.002,4,6.628266516264247,26.513066065056982,59.65439864637822,106.05226426022794,0.0181199570700618,0.0105601629195935,6.628266516264231,4175.377326368288,2.407332430424192,1.0549954112858755,0.054995411285875484
2.1989665245604835,0.0401538279037517,0.0156550933065243,211186633676.8309,7911.289546234751,0.0171256905227159,6.573679395929539,3.538964529360525,0.65,2.0,0.002,4,7.585029118231154,30.340116472924617,68.2652620640804,121.36046589169848,0.0011254775101438,0.0006118003567029,7.585029118231135,12419.175293801361,5.467874219428705,0.46657230634149877,0.5334276936585012
2.391732955048381,0.0292246082318251,0.0187854283450882,215703442828.32,7954.681372029696,0.0265557588958875,1.7899964395044627,12.080610751110871,0.65,2.0,0.002,4,7.754291540938887,31.017166163755547,69.78862386845,124.0686646550222,0.0003183605785779,0.0001173349898498,7.754291540938861,12397.076124760622,5.222461904548583,1.5579257869440637,0.5579257869440637
2.113168533253789,0.0776342413430926,0.0086004241968454,212150389715.36697,7884.727213742982,0.0113040426527647,9.272267757909235,7.88077796305054,0.65,2.0,0.002,4,4.530117188538315,18.12046875415326,40.77105469684484,72.48187501661305,0.0032030461686745,0.0014218901156711,4.530117188538297,4506.533545910128,5.562422817301543,1.7396410810276144,0.7396410810276144
2.147690604049195,0.0309990897121724,0.0120370015545817,206032490601.76135,7651.272829273122,0.0468767421894606,5.106674524595835,10.286294180702194,0.65,2.0,0.002,4,6.140519974482744,24.56207989793097,55.26467977034469,98.2483195917239,0.0017672089904965,0.0006251022902481,6.140519974482717,4563.653901334681,3.0657918642515094,1.6751503493918234,0.6751503493918234
1.4936695247579057,0.0282597611484638,0.0139636051067365,209754879112.12888,7874.107226718888,0.0174281042852384,8.559003880032943,19.06092071270359,0.65,2.0,0.002,4,14.647825096086516,58.59130038434606,131.83042586477865,234.36520153738425,0.0011000153952631,0.0004217093360449,14.64782509608644,19656.12576657147,2.320555150515124,1.3012799229693308,0.3012799229693308
2.714652979495376,0.0615216748220897,0.007074619886259,207237709580.9704,7841.793477935097,0.0200152441631931,2.165273568166255,4.012862482648945,0.65,2.0,0.002,4,2.2378471246394613,8.951388498557845,20.14062412175515,35.80555399423138,0.0042393185478157,0.0019969014930111,2.2378471246394374,915.9073676139545,4.6326659540858595,1.7931798997643766,0.7931798997643766
1.262474985618816,0.0387680074339708,0.0198768057207386,186290413067.4834,7719.414624919387,0.0464330368346964,9.636749825093949,16.99912689411218,0.65,2.0,0.002,4,27.78007102763461,111.12028411053844,250.02063924871152,444.4811364421538,0.0001359264855137,6.819732953507956e-05,27.780071027634506,114399.37922904771,3.7548900752320025,0.6119180500727348,0.3880819499272652
1.863794557751817,0.0576107251541161,0.0137162910805298,219962927239.5625,7710.512566483251,0.0082102752683663,3.9398339116953673,10.829595179222972,0.65,2.0,0.002,4,9.56319450710918,38.25277802843672,86.0687505639826,153.01111211374686,0.0013869255617338,0.000632751760594,9.563194507109149,20500.15017060959,5.677946912119198,1.132424439466582,0.1324244394665819
1.7876186610605709,0.0646541166826473,0.0190411687901968,193667150401.72507,7824.515980850269,0.0433544288425645,6.186499028592761,5.4037500544893815,0.65,2.0,0.002,4,13.442261441936948,53.76904576774779,120.98035297743256,215.0761830709912,0.0001575313065699,8.662203427971366e-05,13.442261441936882,61418.126389738434,8.60978192354785,0.40199709534222244,0.5980029046577775
2.761693061621145,0.0547648017757883,0.0168870032155791,190516562885.15375,7648.819119901382,0.0366102307934053,7.959438593926105,4.48389533485974,0.65,2.0,0.002,4,5.010720703150376,20.042882812601505,45.096486328353386,80.17153125040602,0.0080872833183109,0.0045238411971273,5.010720703150361,9681.753888780351,9.767735932901466,0.8948603605147274,0.1051396394852726
1.5824305011250477,0.0387545260593975,0.0131423876379665,189350175698.909,7735.114530998987,0.0253596750885073,3.9243937825361086,19.69710722654651,0.65,2.0,0.002,4,11.774804849016872,47.09921939606749,105.97324364115184,188.39687758427,0.0002840802221294,9.513202677200608e-05,11.774804849016782,17061.81677287883,3.1171528677873397,1.6728181468070153,0.6728181468070153
1.4400027866989495,0.0342243171495323,0.013403829805913,215041033441.93665,7715.431974241838,0.0197959992690119,5.551220231574745,4.209174752407192,0.65,2.0,0.002,4,15.474336608346958,61.89734643338783,139.2690294751226,247.58938573355127,0.0002465691249095,0.0001448220215847,15.474336608346846,24090.238299119155,2.5483394645503776,0.27201002918191436,0.7279899708180857
1.095646864113455,0.0437024257154414,0.0132040903198845,211193132619.66217,7959.439906642179,0.0142166201477196,6.669364270605034,26.884240392211957,0.65,2.0,0.002,4,25.69183843253149,102.76735373012598,231.22654589278343,411.0694149205039,0.0009081581212738,0.0004671686560223,25.691838432531345,65567.29142282032,2.5161535588775856,1.0464117024093837,0.04641170240938375
2.5878100744332926,0.0439198090497235,0.0173382228462561,205199280160.44104,7751.4734261206095,0.0086301479954938,0.7615072355195025,3.94149161406924,0.65,2.0,0.002,4,6.040387793959209,24.16155117583684,54.363490145632895,96.64620470334737,0.0002760382600974,0.0001380728207126,6.040387793959181,11001.225562045329,7.6375082074310745,0.652522941989091,0.347477058010909
2.287706997009551,0.0543286935359071,0.0113307327580837,203262409601.0653,7813.61612131014,0.0475111683150614,8.392244283666919,4.549681553494489,0.65,2.0,0.002,4,5.007130944861182,20.02852377944473,45.06417850375065,80.11409511777892,0.0123066466228663,0.0072758650965035,5.007130944861175,5445.620450287892,5.501862514739548,0.9086404177553681,0.09135958224463192
2.1551326629849847,0.0702903109381174,0.0097055227529784,203622461156.2948,7702.578078925751,0.0108326051545203,8.537338111204594,9.579038359656336,0.65,2.0,0.002,4,4.871861735597111,19.487446942388445,43.846755620374005,77.94978776955378,0.0017571147525796,0.0008567740131962,4.871861735597077,5305.718017837604,5.662321432567892,1.966196677887117,0.9661966778871169
1.6572086686378376,0.0542999069230856,0.0113438539098792,186420764725.37604,7844.187972956832,0.036009952972351,0.1010770832060017,10.649838588300204,0.65,2.0,0.002,4,9.130795846759309,36.52318338703723,82.17716262083377,146.0927335481489,3.150820233892465e-05,1.4752481083028309e-05,9.130795846759238,13177.466017967903,4.003638925179085,1.1663647689680976,0.1663647689680976
1.7303694060421344,0.0618369377591983,0.0139144164202073,188305486883.7568,7825.254217434044,0.0446858247712517,6.701649528335454,10.845944199329525,0.65,2.0,0.002,4,10.33710325515001,41.34841302060004,93.0339292963501,165.39365208240017,0.0021359004331399,0.0013366394212888,10.337103255150009,24574.1046891605,5.825326322469879,1.0492247133089252,0.049224713308925194
2.055089748994366,0.0425166883816096,0.0195489782457471,186917092310.67725,7727.866227050835,0.0182282211916056,5.478760844735974,11.341417300725604,0.65,2.0,0.002,4,10.32253684886958,41.29014739547832,92.90283163982625,165.16058958191329,0.0017771132363117,0.0008524833501492,10.322536848869566,27763.64653966001,6.599999251381027,1.0987044625534679,0.09870446255346788
1.3937548811453484,0.0644063582030262,0.0087859522228356,197250932535.7965,7686.968815683228,0.0100984030411198,4.050730192489896,12.458033943483654,0.65,2.0,0.002,4,10.389084089919695,41.55633635967879,93.50175680927728,166.22534543871515,0.0011397917333996,0.0004869233335199,10.389084089919633,12916.455884953937,3.031301296767648,1.1991465114399729,0.19914651143997286
1.23642253568906,0.0594493580177806,0.0154000080184269,212581074212.8428,7672.414751109302,0.0282547246743997,6.642229841642266,14.490536126255323,0.65,2.0,0.002,4,24.044327764985308,96.17731105994125,216.3989498848678,384.7092442397649,0.0001090812997065,5.261523170941984e-05,24.044327764985265,99111.05976363231,4.3424727737429984,0.6026592328922282,0.3973407671077718
1.7248112105947049,0.0266736684534987,0.0083235987938139,180978303871.3672,7878.56646279606,0.0098107317594873,8.887513033597704,7.607786488641408,0.65,2.0,0.002,4,6.080606723965827,24.32242689586331,54.72546051569244,97.28970758345324,0.0145943122658612,0.0065975185498834,6.08060672396576,2201.9437905991817,1.5085255176228793,1.2511558194771104,0.2511558194771104
2.9387508691247515,0.0759335416977967,0.006666189990059,191539064574.2929,7903.958610344457,0.0412809618129159,5.092238637567455,0.3945434041905395,0.65,2.0,0.002,4,1.723009818877588,6.892039275510352,15.507088369898293,27.568157102041408,0.0142606120637823,0.0095398771208162,1.7230098188775644,689.0076083048858,5.878801227121528,0.2289850004729285,0.7710149995270715
1.058402823361686,0.0617720222492704,0.0151322625935614,192829478051.01904,7645.086669425634,0.0096083271172229,9.69535767727011,43.63555187412363,0.65,2.0,0.002,4,30.76285581605417,123.05142326421668,276.86570234448754,492.2056930568667,9.402834473089704e-05,3.245642807290191e-05,30.762855816054095,141290.2300295861,3.7818046850382028,1.4184493187187033,0.4184493187187033
2.773383115854961,0.0689202139079794,0.0066429379706984,188911063395.32724,7846.794294031167,0.0369459550008554,0.1865085455311769,0.877443778974449,0.65,2.0,0.002,4,1.9215526087675563,7.686210435070226,17.293973478908008,30.744841740280904,0.0006526435511962,0.0003731108111966,1.9215526087675525,726.1782685802525,4.981715858321963,0.4566327119907609,0.5433672880092391
1.0625545025496128,0.0775965451606639,0.0072163016760816,194136279058.1237,7753.917853998283,0.0270243454666286,7.87589582110829,3.059422990197207,0.65,2.0,0.002,4,14.502212197280764,58.00884878912306,130.51990977552688,232.03539515649223,0.0002751911901898,0.0001824230248648,14.502212197280741,19152.59960915919,2.3067444377111057,0.21096250341522851,0.7890374965847715
2.260509328318271,0.0546228487186351,0.0109944961511077,213339732348.02536,7879.360638277351,0.0060233658547627,7.789271326231178,5.648336829173775,0.65,2.0,0.002,4,5.076710075827816,20.306840303311265,45.69039068245034,81.22736121324506,0.0149705437956536,0.0070853884608481,5.076710075827776,5441.785573571343,5.348314827439595,1.1125978724031809,0.11259787240318087
1.287475154339231,0.0429787037671055,0.0085667094934742,191626325039.35367,7728.981299721626,0.037325148757447,1.849817804229044,7.875866522337832,0.65,2.0,0.002,4,11.668956943092724,46.6758277723709,105.02061248783454,186.7033110894836,0.0003550987113333,0.0001805373689546,11.668956943092702,9847.41593218419,1.8318861133055855,0.6749417759228133,0.32505822407718665
2.802735288112801,0.0477867399886532,0.0089184677138895,215990235654.16077,7661.18059113956,0.0498174583673275,6.171197041985486,5.050547698350598,0.65,2.0,0.002,4,2.7335344059187574,10.93413762367503,24.60180965326882,43.73655049470012,0.0071445583885902,0.002981931297878,2.7335344059187445,1349.7528709847384,4.575572425606665,1.8476254359246311,0.8476254359246311
2.897311720314427,0.0375771564687315,0.0157542486194047,206520556277.394,7614.241512535109,0.0169504284355825,2.1469906238267376,3.844607581403957,0.65,2.0,0.002,4,4.432051737728389,17.728206950913556,39.8884656395555,70.91282780365422,0.0044177804217347,0.0021846006825183,4.432051737728376,5063.873675905926,6.5300045434814695,0.8674554831290147,0.13254451687098534
1.8297040110523304,0.0274314128677581,0.0111566221033317,202277348848.538,7972.284472482259,0.0066300048970386,6.252438224369247,7.793812805976443,0.65,2.0,0.002,4,7.611715186266382,30.44686074506553,68.50543667639745,121.78744298026211,0.0355941816366873,0.0174367405023924,7.611715186266382,5105.512302923565,2.2321045420782135,1.0239233359701392,0.02392333597013918
1.6431682057389023,0.0251531725662543,0.0086694069913854,180447470123.47507,7994.6503670099855,0.0150117013457932,8.16727183258519,3.483230100158354,0.65,2.0,0.002,4,6.917198853365517,27.668795413462068,62.25478968028965,110.67518165384828,0.0047778432716212,0.0027881906142659,6.917198853365494,2705.539775321341,1.4322989209015804,0.5035607872489632,0.49643921275103675
2.311839899859232,0.0297930594028714,0.0077048666957123,202356305332.5831,7750.164618363485,0.0262087317747876,3.1579999373069536,6.400764344018398,0.65,2.0,0.002,4,3.3402715954509543,13.361086381803815,30.062444359058595,53.44434552721527,0.0042694209866275,0.001897595066615,3.340271595450931,905.8206477145908,2.056453616139711,1.9162406891509987,0.9162406891509987
2.600257745282406,0.045184314821875,0.0072930075785107,186234671431.10565,7968.722304297119,0.0155167098925217,8.753745509079504,2.6149731318955767,0.65,2.0,0.002,4,2.3644985047447498,9.457994018979,21.28048654270275,37.831976075916,0.1300190520482018,0.0691288593513718,2.364498504744745,753.5416915071371,3.41404673239095,1.1059313958745223,0.10593139587452227
2.2847615034312603,0.0492951134168779,0.00698214453772,216076666514.08817,7818.726747308709,0.0178273837832637,8.79147622898537,0.9501189667692036,0.65,2.0,0.002,4,3.18839604386847,12.75358417547388,28.695564394816238,51.01433670189552,0.0127898916250215,0.0074731876806507,3.1883960438684347,1233.797475784127,3.074253084805945,0.29799276930993746,0.7020072306900625
2.8830777134761982,0.0272393202466211,0.0184418312363544,184015825825.9924,7705.815924460524,0.043091534123058,1.876971516226266,4.643068534273423,0.65,2.0,0.002,4,4.9163056087356125,19.66522243494245,44.24675047862052,78.6608897397698,0.0047080489521729,0.0027918478691874,4.916305608735597,5324.5483258020295,5.580142540147028,0.9444222763579486,0.05557772364205138
1.978084159926606,0.0309686473160646,0.0098448195343843,185612398050.69247,7872.498859165748,0.0226822663684051,7.3699077009276195,6.595492597131651,0.65,2.0,0.002,4,5.539807459210779,22.15922983684312,49.85826713289701,88.63691934737247,0.0124647861415484,0.0056965517141196,5.539807459210761,2876.1163418301676,2.373872402518222,1.190563507070206,0.19056350707020608
2.022112241002852,0.0498767432272323,0.0173012325722488,191330260488.03223,7939.965511762394,0.0140396095356702,8.803161983671517,11.056792553095214,0.65,2.0,0.002,4,9.418425462546294,37.673701850185175,84.76582916291663,150.6948074007407,0.0021028093810473,0.0009065021080576,9.41842546254629,24259.69617809337,6.927379987202916,1.173953395614174,0.1739533956141739
1.2171812339431354,0.0206063986658755,0.0157280750648321,190264669837.5417,7803.799442055109,0.010022722100247,9.854429640038868,10.118505851115565,0.65,2.0,0.002,4,23.769517034674333,95.07806813869732,213.92565331206904,380.3122725547893,0.0003244092157553,0.0001734898113657,23.769517034674188,34332.81983379878,1.5392495054690458,0.42569253032592214,0.5743074696740779
1.1267910949418598,0.0778828088989695,0.0194964100487343,206976391742.0145,7952.699299856004,0.0247297042932188,3.2027025799551723,16.97476705158601,0.65,2.0,0.002,4,35.52222960967598,142.08891843870393,319.70006648708386,568.3556737548157,9.925218316889991e-06,5.558333715085914e-06,35.52222960967581,338910.0126550877,6.803372162543833,0.4778632208087044,0.5221367791912956
1.0209583077887685,0.0658783087784404,0.0062737490582985,184264662974.6515,7912.68274800461,0.0360284767202932,5.662840980432715,22.08749235344351,0.65,2.0,0.002,4,13.17041726463679,52.68166905854716,118.53375538173113,210.72667623418863,0.0003821821501282,0.0001241617974795,13.170417264636681,11432.20900981022,1.6694420571032853,1.6770533468783622,0.6770533468783622
2.978094333761759,0.0668549047526643,0.0122107119378504,203022614212.0978,7824.869764533237,0.0164462338914417,1.935367873504854,2.3358882931547176,0.65,2.0,0.002,4,3.1799990350768548,12.71999614030742,28.6199913156917,50.87998456122968,0.0029881211212928,0.001528228983476,3.1799990350768526,3797.2880807838815,9.511736987922509,0.734556289919838,0.265443710080162
2.1022745639412297,0.0477026631134807,0.0107849733711819,203146067305.25854,7827.7623546738705,0.0080781133174703,4.207694755289709,8.443095354292717,0.65,2.0,0.002,4,5.637088501825744,22.548354007302976,50.7337965164317,90.1934160292119,0.0017599121535076,0.0008292020612862,5.63708850182571,5310.412018175791,4.233102403707059,1.4977759088859812,0.4977759088859812
2.321523229451071,0.0419394527782746,0.0084068330787847,183344654375.1007,7640.700500528351,0.0481743643443582,7.905720534780469,2.22070811197488,0.65,2.0,0.002,4,3.4648397163009195,13.859358865203678,31.183557446708274,55.43743546081471,0.0167575070843986,0.0087639549385577,3.4648397163009044,1482.031495040749,3.127025324893769,0.6409266499478161,0.3590733500521839
2.894503854757745,0.069259123964207,0.0111261417290113,204467723546.77173,7810.656678012034,0.0186488880207853,4.409669276695995,5.2151775533416425,0.65,2.0,0.002,4,3.0810176335141675,12.32407053405667,27.729158701627508,49.29628213622668,0.0030319913074667,0.0013133572054228,3.081017633514162,3264.3849847419083,8.710704217930516,1.6926802029994519,0.6926802029994519
2.5710450285492827,0.0713490608418187,0.0162758147419324,215420455792.08737,7841.674159487357,0.0426683156352423,4.2301522143891646,10.149773890840558,0.65,2.0,0.002,4,5.851829989817329,23.40731995926932,52.66646990835597,93.62927983707726,0.0004671162204742,0.0001667590749486,5.8518299898173165,15825.68859019839,11.706295381107795,1.7344615117838404,0.7344615117838404
1.7110380372704928,0.0364926245975011,0.0197001896741743,190090031420.8673,7890.283358295097,0.017769114311267,0.7978461030334992,21.41503233788514,0.65,2.0,0.002,4,14.976616334665655,59.90646533866263,134.7895470119909,239.6258613546505,3.8545009034217945e-05,1.3932322501048924e-05,14.976616334665588,42971.936082917615,4.852860146822651,1.429897906132301,0.42989790613230094
1.8105091629560868,0.0675886254952232,0.0123438320810169,189403426544.0185,7851.56557468158,0.0261099239227877,2.7142916368142207,7.452103769205376,0.65,2.0,0.002,4,8.386747921001916,33.546991684007665,75.48073128901724,134.18796673603066,0.0011263070874587,0.0005871871312358,8.386747921001898,16466.35709775206,5.9299442909320215,0.8885570234612622,0.1114429765387378
2.411137914213737,0.0673701171324059,0.0131169143631168,191042735130.1646,7693.789189881284,0.0488365686803027,4.424255302304281,5.780707175778293,0.65,2.0,0.002,4,5.098142320397856,20.392569281591424,45.8832808835807,81.5702771263657,0.0032930606175968,0.001753368739815,5.09814232039784,8410.367468647575,8.196554380803247,1.1338850138901553,0.13388501389015528
2.343481011988709,0.0675104304736343,0.0147578440711299,195855255800.24304,7973.971289927143,0.0376849407212595,5.324044333685078,3.4562618964541745,0.65,2.0,0.002,4,6.03892414834164,24.15569659336656,54.35031733507476,96.62278637346624,0.0011036781827528,0.0005704544294789,6.038924148341639,13402.283232782758,9.308933022784304,0.5723307350040662,0.42766926499593383
1.8809046904325333,0.0701379955431994,0.0140838746539216,182749532079.13644,7777.163532528331,0.0190297156450062,6.452292221225163,11.430100412455898,0.65,2.0,0.002,4,8.750549937800182,35.00219975120073,78.75494944020164,140.0087990048029,0.0009126262280496,0.0003718383898496,8.750549937800182,21840.56947697294,7.2249280451165205,1.3062150943314694,0.30621509433146943
1.7897506197657005,0.0741060411993785,0.0106012352104972,209237300309.30927,7845.494067775623,0.0223485587573825,8.09554757763057,14.48984172354796,0.65,2.0,0.002,4,7.750149608028159,31.00059843211264,69.75134647225343,124.00239372845054,0.0006407442455772,0.0002383905799365,7.750149608028124,13078.94812083471,5.515601843289557,1.8696209049356172,0.8696209049356172
2.770125906087745,0.0331503674793551,0.0151886973681166,183428718623.51352,7944.384932632784,0.0266809717930415,6.279233340920396,7.471734854775172,0.65,2.0,0.002,4,4.312750080454224,17.251000321816896,38.81475072408802,69.00400128726758,0.0030494815299589,0.0011984788180839,4.3127500804541965,4068.2439641933447,5.540368713846555,1.7324757325117917,0.7324757325117917
2.93377069612357,0.0329193028931025,0.015345650424079,206950625002.3235,7908.892753207439,0.0200897410181778,1.9255402676039752,4.776212366406446,0.65,2.0,0.002,4,4.135592604296233,16.542370417184934,37.220333438666096,66.16948166873973,0.0042633502447494,0.0020225978355977,4.135592604296226,3957.15466010844,5.8606770129933405,1.1549039819455904,0.1549039819455904
1.6169192449955003,0.0757545346403689,0.0064151225395948,219770767166.5313,7908.036287263548,0.0091971907395947,6.596673516239506,1.5339739162859425,0.65,2.0,0.002,4,5.865542495876187,23.462169983504747,52.78988246288569,93.848679934019,0.0018535639132433,0.0010973819183479,5.865542495876158,4220.041162368603,3.1069951775725495,0.2615229396708696,0.7384770603291304
1.0996870880690828,0.0630859871160157,0.0085765578020223,198060682409.1733,7747.101240237909,0.0100778154492809,3.52126132986658,13.499861366659504,0.65,2.0,0.002,4,16.26048672031207,65.04194688124828,146.34438048280862,260.1677875249931,0.0004944163763122,0.0002234835091607,16.26048672031189,24057.533668284123,2.3047524399621695,0.8302249249277432,0.16977507507225675
1.9409290002493436,0.0430976997174755,0.007065769294698,187624658886.098,7692.977272776543,0.0261659252235856,3.78392303042126,6.891188754015019,0.65,2.0,0.002,4,4.2001726452696735,16.800690581078694,37.80155380742706,67.20276232431478,0.0038020201755085,0.0015165099176441,4.200172645269618,1583.3672863950069,2.273461724007798,1.6406917848427296,0.6406917848427296
2.4503982360117544,0.065284316717833,0.0183356500069791,208617489378.22076,7869.898390438083,0.0475302783826811,5.42035506703777,9.81686563951728,0.65,2.0,0.002,4,7.129236417548504,28.516945670194016,64.16312775793655,114.06778268077606,0.0006986221743841,0.000279682558823,7.1292364175484995,23159.370186529937,11.541997454235373,1.3769869681068825,0.3769869681068825
1.7904693075177889,0.0648245480377931,0.0105731481260954,187553456819.0256,7678.198330958635,0.0234521954111747,4.846229040578322,12.944485311950812,0.65,2.0,0.002,4,7.391501728597582,29.56600691439033,66.52351555737825,118.26402765756131,0.000596720596181,0.0002155053491926,7.391501728597565,10161.670941517978,4.711292031586215,1.7512659520688292,0.7512659520688292
1.1578570904869208,0.0579934995384237,0.0130176950678616,180227382992.6801,7682.742677811356,0.0077629809197518,5.745319175277154,4.846639731340195,0.65,2.0,0.002,4,21.325816784656173,85.30326713862469,191.9323510619056,341.2130685544988,7.847567083370781e-05,4.67941314223798e-05,21.325816784656073,60287.28777758896,3.3577987407790575,0.2272663120142415,0.7727336879857585
2.625160463081928,0.0589977616665041,0.0169904919326802,214228887801.9784,7846.938977209513,0.0066530798603811,3.047701835303488,10.40012673671579,0.65,2.0,0.002,4,5.841338536343951,23.365354145375804,52.57204682709556,93.46141658150322,0.0004024484145866,0.0001840144922352,5.841338536343933,13907.597487614088,10.324466582584702,1.7804355409308603,0.7804355409308603
1.395058784880626,0.0243552595151316,0.0197123172022753,204242021234.20816,7811.897587165332,0.0449901759899331,5.9848091301187605,15.817795480969671,0.65,2.0,0.002,4,23.484223007106912,93.93689202842764,211.35800706396225,375.7475681137106,0.0002100421524401,0.0001075259812974,23.484223007106916,56958.90380807405,2.61607080554006,0.6735498754284018,0.32645012457159817
1.9813315404784748,0.059745853047109,0.0184600465536894,184417020437.1993,7956.8772616026545,0.0465086734967227,9.243737364758069,2.142422884229183,0.65,2.0,0.002,4,10.265424444709636,41.06169777883855,92.38882000238677,164.2467911153542,0.0003089874220248,0.0002132072230986,10.265424444709607,36167.953278473826,8.693814603340797,0.20870280578932154,0.7912971942106785
2.5350314173468025,0.0763906251398332,0.0129945067118884,191470840594.41656,7919.40367890373,0.0287031146236404,8.834556113052894,5.4954947250197135,0.65,2.0,0.002,4,4.5084519058794665,18.033807623517863,40.57606715291519,72.13523049407146,0.0058746803520582,0.0027347012565087,4.508451905879432,7995.770354154261,9.964274730818042,1.2189316509849175,0.21893165098491751
1.5467303004705564,0.0217645761573903,0.0099411832416765,208339204748.50613,7623.920483709016,0.0211870695952142,3.050542020714379,5.858974347919292,0.65,2.0,0.002,4,9.849960029814984,39.39984011925994,88.64964026833488,157.59936047703977,0.0012720117068617,0.0006170926733284,9.849960029814966,4886.297689009202,1.2757079118380918,0.5948221444741594,0.4051778555258406
2.396110456772184,0.0700024636683121,0.0167918211473488,219081894881.9152,7854.742159466777,0.0194551444201489,5.029483369378482,11.692395628186317,0.65,2.0,0.002,4,7.004072978628738,28.01629191451495,63.03665680765863,112.0651676580598,0.000450664473611,0.0001686234311156,7.004072978628734,21423.033095248906,11.061649592409017,1.6693709023111103,0.6693709023111103
2.010842875553579,0.0422785279231605,0.0188339245098068,183713047014.66388,7821.727869861358,0.016110760170411,8.518705050782382,8.297271473273975,0.65,2.0,0.002,4,10.236051327622512,40.94420531049005,92.1244619486026,163.7768212419602,0.001752183760817,0.0008272291610517,10.236051327622459,25902.171380671716,6.261977833363554,0.8105929921319761,0.1894070078680239
1.1168946747880566,0.0300247284096204,0.0160849793350933,196189323255.0127,7602.759535117437,0.0339690758286807,7.1003999416926655,54.16157777390735,0.65,2.0,0.002,4,29.70143127977685,118.8057251191074,267.3128815179916,475.2229004764296,6.678599902039591e-05,2.0376119800376765e-05,29.701431279776845,71411.40320112224,2.0504683688917806,1.823534268895148,0.8235342688951479
1.4505700874155536,0.0479744805374825,0.0104134263718989,207063026680.79214,7630.030478208251,0.0269941401265018,1.8251731853836184,15.105371987042444,0.65,2.0,0.002,4,11.69051415917466,46.76205663669864,105.21462743257194,187.04822654679452,0.0002936102360897,0.0001162048373436,11.69051415917465,14916.464107335527,2.764642157718836,1.2921050162013474,0.29210501620134743
1.1656641859286052,0.0795319724703588,0.0176747538659031,206401739416.24,7902.529448323443,0.0107685814889679,7.68255646162143,17.30142824002214,0.65,2.0,0.002,4,30.144586920455204,120.57834768182082,271.3012822840968,482.31339072728326,4.928902244592481e-05,2.347321258397209e-05,30.144586920455055,232264.65155980733,6.474477242912065,0.573948095081774,0.426051904918226
2.851856908280936,0.0455831734801456,0.0078599436793726,190912819366.02237,7662.059535960378,0.0468751097590655,3.1283467640607583,0.9999522255060372,0.65,2.0,0.002,4,2.1874493740106304,8.749797496042522,19.68704436609568,34.99918998417009,0.0109214116759606,0.0062867705734233,2.1874493740106282,739.4401137401109,3.914418443206856,0.4571315969121847,0.5428684030878153
2.537906994264719,0.020847404548741,0.0164009455865808,213421500058.1967,7765.060501118231,0.0272251104804445,0.6184935339599406,3.113488240627008,0.65,2.0,0.002,4,6.0533167349917765,24.213266939967102,54.479850614926,96.85306775986842,0.0003162249417788,0.0001805541645453,6.053316734991763,4873.690729114726,3.3690808460617774,0.5143441813690663,0.48565581863093366
1.050147259388408,0.0556056717906269,0.0121901896674744,211466904785.77823,7601.6610280173745,0.0081752174558783,8.610821257120216,28.168128790294805,0.65,2.0,0.002,4,26.436640463778144,105.74656185511256,237.9297641740033,422.9862474204503,0.0008713199104499,0.0003895402337765,26.436640463778012,74650.12311793263,2.705566807131671,1.0654957776835972,0.06549577768359716
1.9113594288182765,0.0629783821006383,0.00745376645099,216096090599.37115,7728.610933676615,0.049219821177758,2.925584373587386,7.368322044267394,0.65,2.0,0.002,4,4.892074260118159,19.56829704047264,44.02866834106343,78.27318816189054,0.0015815281476912,0.0006278960020587,4.89207426011813,3275.8719056400205,3.467217556241448,1.5061754283528537,0.5061754283528537
1.9088328203325564,0.0677131358347829,0.007116164144706,181594301765.6884,7879.173629940657,0.0497619973829349,1.0385022819274357,7.464956305239916,0.65,2.0,0.002,4,4.251578447430776,17.006313789723105,38.26420602687698,68.02525515889242,0.0004947974226053,0.0001848298191135,4.251578447430741,2585.815789997096,3.6235766526268334,1.7558082010108604,0.7558082010108604
2.86740137062188,0.0728197829599015,0.0141002652544853,192785177125.8324,7787.24150876525,0.0307015942505157,5.4468597105726015,2.556336947833801,0.65,2.0,0.002,4,3.8692300959211496,15.4769203836846,34.82307086329035,61.9076815347384,0.0033801237747612,0.001731785364875,3.869230095921138,6775.286283037128,11.463541289300016,0.6606836203741511,0.33931637962584893
1.4414694953308715,0.0593836872996396,0.0109086150446377,186304498820.38895,7923.523591708116,0.0244291420373276,9.159196363254171,6.327285403371081,0.65,2.0,0.002,4,11.54357824977872,46.17431299911488,103.8922042480085,184.69725199645956,0.0007683134604286,0.0003950655907126,11.543578249778701,19461.272413978673,3.699394041234165,0.5481216713277255,0.4518783286722745
1.171336359378301,0.0463202230294699,0.0094365592806562,180293378838.34583,7820.980748305513,0.0297502385800802,3.2725602407571657,15.723720288476391,0.65,2.0,0.002,4,14.974038940135298,59.89615576054119,134.76635046121768,239.5846230421648,0.0012306834258929,0.0007236140466792,14.974038940135172,17722.90106013279,2.0021525284116457,1.0500654066239827,0.05006540662398273
1.848730578869988,0.0672843756552863,0.0075190435970212,191431699084.4239,7735.234232533582,0.0097619338717035,5.067867669253072,2.709952753413275,0.65,2.0,0.002,4,4.962663176177613,19.85065270471045,44.663968585598525,79.40261081884181,0.0031168325105481,0.0016589978214574,4.962663176177567,3517.0882420325074,3.61737829240205,0.5460682414276973,0.4539317585723027
2.5212886955908007,0.0635970746138119,0.0097876217369148,182418183839.57083,7933.238150008772,0.0457195402913151,1.3655238397779252,5.778745155053126,0.65,2.0,0.002,4,3.347881638496678,13.391526553986711,30.1309347464701,53.566106215946846,0.0008538805165694,0.0003356881519035,3.3478816384966588,2754.59221792997,6.2252584797146815,1.7260900411186664,0.7260900411186664
2.677461207535741,0.0767837847501669,0.0188610724112939,205564969631.35452,7891.151086443456,0.0398887815815099,8.11253894922447,9.252573070157856,0.65,2.0,0.002,4,6.089107436049358,24.35642974419743,54.80196692444422,97.42571897678972,0.0009059935499522,0.0003464036531581,6.089107436049343,22394.246693357156,15.299225565401676,1.5195286283470462,0.5195286283470462
2.685463937612944,0.0467833695286225,0.0192946274234015,206031783588.70947,7646.3595461277,0.044829184470206,4.943725389224898,2.8650391441164462,0.65,2.0,0.002,4,6.297479388202035,25.18991755280814,56.67731449381832,100.75967021123256,0.000829343372723,0.0004669215986856,6.297479388202018,14509.92560671184,9.2676994157153,0.4549501423512302,0.5450498576487698
2.9760335368406867,0.0292681758018847,0.0117804017034014,216223272084.1956,7890.212427358179,0.032620110673771,2.6453727938618594,1.6954232849384636,0.65,2.0,0.002,4,3.1573344017381446,12.629337606952578,28.416009615643304,50.51735042781032,0.0052651912477648,0.0029476347804468,3.1573344017381357,1593.137190193984,4.048109727884463,0.53697932154577,0.46302067845423
2.1057002252208,0.0326706152007707,0.0161203263601296,206781571304.4508,7826.013014963421,0.0438501278309442,7.863999294096424,11.883403023324805,0.65,2.0,0.002,4,8.474139899100907,33.89655959640363,76.26725909190816,135.5862383856145,0.0015660790454208,0.0006093717639568,8.474139899100907,12302.383238069817,4.339485646234352,1.4023137645610046,0.40231376456100465
2.5758873383097134,0.0225316528857763,0.0101786443768784,206351250905.2748,7910.400383433812,0.0316483345458614,8.705299135765936,5.959504827836863,0.65,2.0,0.002,4,3.552792035289492,14.211168141157968,31.975128317605428,56.84467256463187,0.0147273404272863,0.0059611499831374,3.552792035289475,1164.3341553232046,2.3365674785666295,1.6774144865902045,0.6774144865902045
2.4992395277465063,0.0743060774281859,0.0172612864643867,199796683807.84637,7742.577334812093,0.0347958204413386,8.186993630562323,12.486412296240644,0.65,2.0,0.002,4,6.365580488887351,25.4623219555494,57.290224399986165,101.8492878221976,0.0004939620136953,0.0001883763881086,6.36558048888732,19851.654020604135,12.409690009556677,1.9615512392057148,0.9615512392057148
1.559646883078856,0.0585051848716369,0.0194243518497983,180942330237.09195,7850.636402804398,0.0120575732398902,8.182949159557253,23.52410952984341,0.65,2.0,0.002,4,17.38364660604176,69.53458642416705,156.45281945437586,278.1383456966682,0.0002293780175493,8.586118899743331e-05,17.38364660604175,83001.04262473923,6.95732100734971,1.3532321533542635,0.3532321533542635
1.458652502616148,0.0746811513038623,0.0113777113628696,180022166593.31616,7817.315629339992,0.0332728639662806,8.706697196762146,13.649532719483163,0.65,2.0,0.002,4,11.636293093195167,46.54517237278067,104.72663783875652,186.18068949112268,0.0011986349952233,0.0005444931371121,11.636293093195125,25896.105142552442,4.844460394061811,1.1730138292464785,0.17301382924647846
1.2100635760244691,0.0316831208075376,0.0081562041323202,216457540246.8188,7631.209522210383,0.0388025616825407,2.9482758071867434,16.793383495553336,0.65,2.0,0.002,4,13.452116950992885,53.80846780397153,121.06905255893594,215.23387121588613,0.0007453275744773,0.0003120286439645,13.452116950992888,8523.70902968039,1.193129573641382,1.2483822105273796,0.24838221052737963
1.235008764505203,0.0235894602390379,0.017520614964904,186230306838.9832,7813.959261190348,0.0462085186045419,5.717736324138301,23.2679803245974,0.65,2.0,0.002,4,25.428932463682894,101.7157298547316,228.8603921731461,406.8629194189264,0.0005078319474634,0.0003028516988351,25.428932463682838,50908.99567824897,1.9942451108740453,0.9150199426510857,0.08498005734891434
2.662256981802916,0.0433798851776941,0.0143611687678891,207109084100.6114,7806.096570668857,0.0124513362568897,7.004816905094113,3.052711634245702,0.65,2.0,0.002,4,4.732620763824725,18.9304830552989,42.59358687442253,75.7219322211956,0.0049016760137975,0.0024244217841747,4.732620763824711,5723.942061306912,6.4733946234196,0.6450361832454594,0.3549638167545406
1.8963314042320023,0.0499830901514442,0.0072105736354799,184509527002.35068,7864.622585085514,0.0446185341070357,6.975141239991213,7.545763594294572,0.65,2.0,0.002,4,4.4039365223809455,17.615746089523782,39.63542870142851,70.46298435809513,0.004487723782788,0.0016674163929969,4.403936522380896,2057.770249802228,2.68754067837465,1.7134133418923834,0.7134133418923834
2.8994902854590245,0.0795140324285553,0.0121460342841932,187097181855.2404,7795.177794731633,0.0096040816287372,8.738107478802702,3.8802124491460166,0.65,2.0,0.002,4,3.2095271296417125,12.83810851856685,28.885744166775417,51.3524340742674,0.0143462687401905,0.0067680486323993,3.2095271296416876,4438.516181975675,10.914302053877496,1.208967019879718,0.208967019879718
2.340578438840337,0.0298408268288887,0.0107172378447735,189447096246.3642,7868.738232737252,0.0400968974381282,1.5071238479738005,7.905869383933583,0.65,2.0,0.002,4,4.35268411454569,17.41073645818276,39.17415703091121,69.64294583273104,0.0009637497945187,0.0003679689054466,4.35268411454566,2202.754318455292,2.9450456008245305,1.8163204992326465,0.8163204992326465
1.0368474325042434,0.0743052219983726,0.0142361471829286,196853799170.92947,7773.72509710426,0.0391098040862178,8.351353035005351,49.98553283217613,0.65,2.0,0.002,4,30.216859230414983,120.86743692165994,271.9517330737349,483.4697476866398,4.310588643218117e-05,1.3572889461143088e-05,30.21685923041481,153668.27790930925,4.263103188898675,1.654226617366743,0.654226617366743
2.153292117561141,0.0420050402221065,0.0115040052721545,196104869758.64737,7780.214932823307,0.0063526400867738,2.548549563346274,11.172243582329568,0.65,2.0,0.002,4,5.648339813028171,22.593359252112684,50.83505831725354,90.37343700845074,0.0005406293329096,0.0002800140119239,5.648339813028166,5098.194460604493,4.047762538084897,1.977969448042105,0.9779694480421051
1.1111358338137558,0.0368366861680193,0.0100119506075231,186919777807.66376,7725.557347920796,0.0384211655026288,0.2453601512447006,30.548045330405976,0.65,2.0,0.002,4,18.08740914955228,72.34963659820912,162.78668234597052,289.39854639283647,9.789432481231238e-06,3.107084056772884e-06,18.087409149552123,20444.60355262936,1.5829464792691816,1.6889121641372502,0.6889121641372502
2.468907664685256,0.032890032857289,0.0166986416058602,183108488687.7231,7656.683659972424,0.047038566976955,2.8748172692253813,2.8621254415377866,0.65,2.0,0.002,4,6.07483643135762,24.29934572543048,54.673527882218586,97.19738290172192,0.0008552240296958,0.0004877132287595,6.074836431357617,7562.927236664059,5.191119276090613,0.4711444454312909,0.528855554568709
1.305754244252672,0.075239951496414,0.0101208060107259,182004267587.87732,7736.961470724252,0.0407505663723148,6.264816575383261,20.254963122588403,0.65,2.0,0.002,4,13.055004653319344,52.220018613277375,117.49504187987412,208.8800744531095,0.0002816842729503,9.743774388938768e-05,13.055004653319326,25880.894999822434,3.846497833584459,1.5515094525407493,0.5515094525407493
2.843405059614254,0.0708182253303498,0.0198663249645959,218581951837.2265,7725.78213808542,0.0221269081406353,7.012754103970721,1.3543610331496925,0.65,2.0,0.002,4,5.926594951135012,23.70637980454005,53.33935456021511,94.8255192181602,0.0006369106630199,0.0003930900132991,5.926594951135006,21428.116459923313,15.453034276880114,0.22852262459581751,0.7714773754041825
1.9260131730110155,0.0499556659393979,0.0143236525687098,197368383953.35928,7946.830691089525,0.0231496101431684,9.431269099008182,15.518773177289145,0.65,2.0,0.002,4,8.725821777047951,34.903287108191805,78.53239599343156,139.61314843276722,0.0007396710384007,0.000260350674913,8.725821777047894,16460.164168695188,5.475978684517128,1.7784884419836764,0.7784884419836764
2.4373793430090487,0.0228418263979572,0.0059282821553836,181020062558.40796,7839.847559805147,0.0082204025027878,9.340544732764814,4.1016869971386045,0.65,2.0,0.002,4,2.174309751314901,8.697239005259604,19.568787761834116,34.788956021038416,0.0566441234860372,0.029506683038059,2.1743097513148837,241.46990134584587,1.2937800224072067,1.8864317720408355,0.8864317720408355
2.967228427673453,0.0268675784713973,0.0178939532409507,207977175480.96304,7669.553744170976,0.0295867128181593,0.2180556347726637,5.910668166041601,0.65,2.0,0.002,4,4.799062216135073,19.19624886454029,43.19155994521566,76.78499545816116,0.0002574568477851,0.0001171594085279,4.7990622161350585,4973.915488455304,5.470485921301535,1.2316298267959898,0.23162982679598976
1.0533439992925206,0.0203193789224252,0.0109933156249909,215370134619.0151,7927.904831687171,0.0460420609212362,5.3844449613561,23.59831049492593,0.65,2.0,0.002,4,23.41698758547583,93.66795034190332,210.7528882692825,374.6718013676133,0.0016934675062944,0.0011334816967664,23.416987585475752,20191.081062461308,0.9326909961452124,1.0077432209752992,0.007743220975299225
1.4004126061858424,0.0474611347735288,0.0177457972384798,212038209688.75195,7665.219413796532,0.0353039440158077,8.582688923157711,36.15955797569031,0.65,2.0,0.002,4,21.580301843469343,86.32120737387739,194.22271659122413,345.28482949550954,0.0001096360732682,3.43313388410371e-05,21.58030184346925,83111.09533153493,4.520476746197722,1.6755816595138644,0.6755816595138644
2.9078898507125173,0.0489859042733264,0.0141211453416488,184844276349.9838,7844.014035252605,0.0299895211943808,9.326100344953025,3.4634305180921623,0.65,2.0,0.002,4,3.676013488813484,14.704053955253936,33.084121399321354,58.81621582101574,0.0351844154246668,0.0192102079380007,3.6760134888134646,4208.635362152232,7.88909835565953,0.9421702419296837,0.05782975807031632
1.6991771916640963,0.0202779394485895,0.0193058870627416,189479534533.09875,7877.648192838401,0.0071322591988189,7.507703854837139,8.864643870408218,0.65,2.0,0.002,4,14.870464664000028,59.481858656000114,133.83418197600025,237.92743462400043,0.0007664333070644,0.0003673872582173,14.870464663999996,22873.23829451943,2.620105864108735,0.5961242012745366,0.4038757987254634
2.802725407052689,0.0468358139343635,0.0167201943600787,192572466749.1128,7644.309750804476,0.0449686250756114,1.7218880169181916,4.017702567789313,0.65,2.0,0.002,4,4.844371417163157,19.37748566865263,43.59934275446841,77.50994267461051,0.0015050384851939,0.0008070735483238,4.84437141716315,7772.179597889602,8.388961955452892,0.8293547752253209,0.17064522477467914
1.3902401109074496,0.0682502800641784,0.0103124686244909,199335961115.5174,7689.12792942555,0.0358740982026019,7.832230734768981,9.990078485784055,0.65,2.0,0.002,4,12.318747375726538,49.27498950290615,110.86872638153883,197.0999580116246,0.0011363560028317,0.0005712492055802,12.318747375726494,22537.03704079535,3.761871733405387,0.8109654481160179,0.1890345518839821
2.388462882330661,0.0306590991705282,0.0196128591116319,218231888904.58817,7689.839121969882,0.0341154388869219,6.714218875682299,1.7210227394711264,0.65,2.0,0.002,4,8.30488548315253,33.21954193261012,74.74396934837277,132.87816773044048,0.0006534688512057,0.0004510920519612,8.304885483152525,15036.026661238227,5.522122718888403,0.20723015903860822,0.7927698409613918
1.1202365272897343,0.0318602610908701,0.008507364862045,197083554777.13,7648.41053596457,0.0234441465039124,8.180326824352267,7.717641364064984,0.65,2.0,0.002,4,15.604305779812938,62.41722311925175,140.43875201831645,249.668892477007,0.000777523050895,0.0004417510222118,15.604305779812787,11162.049790211002,1.161168683607127,0.4945840893511109,0.5054159106488891
2.402810971304612,0.0436987521509758,0.0054819771164663,200880477796.3105,7657.744059036401,0.0075221740192052,3.5131203695651387,0.9794893275591042,0.65,2.0,0.002,4,2.2051884167516875,8.82075366700675,19.84669575076519,35.283014668027,0.0194325275931259,0.0108235694625744,2.20518841675167,423.1047036730671,2.203924493745093,0.44417489232141477,0.5558251076785852
2.0871351376371465,0.0666529544830275,0.0175641421469436,190605130811.80725,7846.439269264845,0.0300699669866352,2.350440801283191,9.748217614422783,0.65,2.0,0.002,4,9.011270833688355,36.04508333475342,81.10143750319521,144.18033333901369,0.0006850097234558,0.0003678220572869,9.011270833688346,30730.62278010078,9.586046685459259,1.0817805606262976,0.08178056062629757
2.793510743181397,0.048533670393976,0.0059049622786133,212888541843.7523,7859.273491866854,0.0401790671408275,4.338881648737845,2.407757268610212,0.65,2.0,0.002,4,1.7857910111321202,7.143164044528481,16.07211910018908,28.572656178113924,0.041101272866943,0.0193769478989121,1.785791011132112,396.0810075243745,3.1460311336210665,1.3482861396439672,0.34828613964396715
2.082200919146492,0.077851176803916,0.0139684186929088,206904081618.6675,7916.512011441889,0.0139875611842054,5.645901846393953,9.751774168207156,0.65,2.0,0.002,4,7.468765467784516,29.875061871138065,67.21888921006065,119.50024748455226,0.0010104537094991,0.0004293634872609,7.4687654677844675,19737.689835218072,8.962701636203226,1.3056741720261729,0.30567417202617286
1.9506643537238235,0.0797100071232462,0.0145627341950918,192324262536.3436,7917.483645359629,0.0117844833664771,9.364292819339196,6.950647067324933,0.65,2.0,0.002,4,8.553237503493655,34.21295001397462,76.9791375314429,136.85180005589848,0.0019523805846969,0.0009176702931403,8.553237503493616,25889.06092141853,8.963868930722954,0.8126334694302484,0.1873665305697516
1.3498298361465142,0.0420066619227014,0.009391441851626,216792747535.11368,7995.458573980433,0.0240080315620709,2.0912348573883475,13.34605218414424,0.65,2.0,0.002,4,12.170380798667937,48.68152319467175,109.53342718801144,194.726092778687,0.0009373921324299,0.0004617616638185,12.170380798667829,12448.325088577416,2.128839160463882,1.0966010353271034,0.0966010353271034
2.697734362118723,0.0526321873929291,0.0116220591849935,187577874394.42838,7661.356170047272,0.0244386192367331,4.614148332372406,5.446090123970496,0.65,2.0,0.002,4,3.583042404161316,14.332169616645263,32.247381637451845,57.32867846658105,0.0037966189276458,0.0016717832003325,3.583042404161298,3203.85590965794,6.321342814224032,1.5199625094153166,0.5199625094153166
1.7352904857272398,0.0569349203695617,0.0115119058912512,215122794219.81607,7887.405290676245,0.0099724992414605,8.016071518221587,7.310654040816654,0.65,2.0,0.002,4,9.053327890599082,36.21331156239633,81.47995101539175,144.8532462495853,0.0026048244690761,0.0012290612746688,9.053327890599071,14513.713032843538,4.48541153508389,0.807510136511017,0.192489863488983
2.3477536458567214,0.0580680056695448,0.0054101436165574,200452926232.2714,7614.479875070175,0.0354813469886423,9.36450247320986,4.186921568875408,0.65,2.0,0.002,4,2.283594978464339,9.134379913857355,20.552354806179046,36.53751965542942,0.0225519043635269,0.0101691881673371,2.2835949784643206,578.1045280875895,2.8080735297979063,1.8334781817093688,0.8334781817093688
1.5077821758447714,0.0338061892434403,0.0197804684325233,208243943295.7104,7847.114374555422,0.0052243234382512,1.924669020689588,27.3156026870322,0.65,2.0,0.002,4,20.324497374038984,81.29798949615594,182.92047636635087,325.19195798462374,7.056351149386394e-05,2.8563770911346408e-05,20.32449737403895,64513.521351277,3.955955361621336,1.3439743273515432,0.3439743273515432
2.6414233682234864,0.0318054836551364,0.0167905447646876,208206497086.2386,7987.525489705263,0.0484510685717536,2.816665184092024,8.800527149658615,0.65,2.0,0.002,4,5.571331752341713,22.285327009366853,50.14198577107543,89.14130803746741,0.0009052464311893,0.0003354243808909,5.5713317523416945,6903.428713741812,5.633613755491358,1.5796092462021585,0.5796092462021585
2.969299067235287,0.0416921647183519,0.0171973901873016,192735964713.1384,7919.685408896596,0.0320330263488189,2.2419213827314746,4.124360551836101,0.65,2.0,0.002,4,4.363262393723431,17.453049574893726,39.26936154351088,69.8121982995749,0.0057197276046535,0.0032232925832975,4.363262393723407,6336.234842484864,8.430413305751394,0.9452469688206309,0.05475303117936914
2.1977167402007054,0.0449410045487857,0.0138353123136532,182472478442.86865,7928.850909561643,0.0147490491003951,8.065005462547676,7.23985839933335,0.65,2.0,0.002,4,6.231152042547611,24.92460817019044,56.08036838292849,99.69843268076175,0.0064593518181847,0.0029906810189759,6.231152042547583,8303.862488083314,5.417310335557682,1.1618811978745043,0.16188119787450428
2.8310350158577053,0.0610274438292113,0.0096846363566962,215430383686.422,7839.452147272376,0.0379921316911306,3.915877841930021,2.6091888848645186,0.65,2.0,0.002,4,2.872319264325246,11.489277057300985,25.85087337892721,45.95710822920394,0.0198536627783658,0.0111164605976489,2.8723192643252187,2136.1641164287976,6.5585745091692,0.9083909707639982,0.09160902923600178
1.5059907733848596,0.05091046587579,0.0118401565727597,214479406042.22244,7855.697896738907,0.0229393467616027,3.918893979245898,14.65682736221973,0.65,2.0,0.002,4,12.369225001008235,49.47690000403294,111.32302500907412,197.90760001613177,0.0006872518884942,0.0002943215646451,12.369225001008223,21537.055224967553,3.565673766142268,1.1849430632092992,0.1849430632092992
1.91203871802206,0.0688292468553772,0.0060119523076414,217126791002.69125,7686.939344728723,0.0275327641775897,7.372234738082945,1.6735824004778035,0.65,2.0,0.002,4,3.963066828962996,15.852267315851984,35.667601460666965,63.409069263407936,0.0067783051034336,0.0037986745833005,3.963066828962954,1885.520304218011,3.0409458377032315,0.4222947713742548,0.5777052286257451
2.418269321043636,0.0720633909473188,0.0075648873166459,207997378053.89453,7737.377316666295,0.0444037464649581,5.379977483621893,4.800547516862305,0.65,2.0,0.002,4,3.0412661416350897,12.16506456654036,27.371395274715805,48.66025826616144,0.0059474674808191,0.0024342144019034,3.041266141635074,1862.3195167654187,5.100181175231203,1.5784700494121797,0.5784700494121797
1.9228146229350969,0.0230577379326659,0.0127907975595781,204214935398.94632,7890.947268791225,0.0475714940190599,0.9165235528591836,2.1011447940492887,0.65,2.0,0.002,4,7.980520672805654,31.922082691222617,71.8246860552509,127.68833076489048,0.0002224951382547,0.00013448541114,7.980520672805643,5625.654761589931,2.237437362666977,0.2632841740776554,0.7367158259223445
1.3437835907540483,0.0431511657406478,0.0196003110886105,203309238267.2392,7771.752607968218,0.0304671602850669,6.723857898729075,24.7439558508598,0.65,2.0,0.002,4,25.17402297051206,100.69609188204824,226.56620673460853,402.78436752819294,0.0006801182031938,0.0004500381058219,25.174022970512013,110494.02336359414,4.416454927952673,0.9829162339227234,0.017083766077276574
2.8372432782713304,0.0537449520993356,0.0122029998331947,182610314330.8139,7610.02089637498,0.0479036631657965,4.791125716798924,5.439928013301367,0.65,2.0,0.002,4,3.36722731001125,13.468909240045,30.305045790101257,53.87563696018,0.0034307602160599,0.0013541074587038,3.3672273100112355,3169.2851949165993,7.080382417238618,1.6155511679082977,0.6155511679082977
2.1313268139009374,0.0553916060166664,0.0122120049005552,199293674629.98743,7961.058178169925,0.0236217280749417,1.9949814879411236,5.827939745479447,0.65,2.0,0.002,4,6.099264747600346,24.397058990401383,54.89338272840312,97.58823596160552,0.0035265490098178,0.0020337899131064,6.099264747600323,8428.2320547143,5.738809094843848,0.9555151295526849,0.044484870447315084
1.97814446604446,0.0453141782227365,0.0133636008365858,209145314209.8709,7741.19690899323,0.0231982562499775,2.7965754813055232,6.531621082070877,0.65,2.0,0.002,4,8.04927472647372,32.19709890589488,72.44347253826348,128.78839562357953,0.001184127536409,0.0005767332000419,8.049274726473676,11859.515995612157,4.636536977468092,0.811454609766106,0.18854539023389405
1.133283671505458,0.0638306066930089,0.0111124663756967,194055290758.56015,7874.52789282508,0.0088143507796925,8.611178143995364,31.080096796873537,0.65,2.0,0.002,4,19.476590451517104,77.90636180606842,175.28931406365393,311.62544722427367,0.0001888189964307,6.712539670443972e-05,19.47659045151703,47397.80114970167,3.164991832625477,1.595766819364049,0.5957668193640491
2.904030813660367,0.0348491364718157,0.0068488417625091,180924247272.7344,7777.698939578155,0.0095367598428159,7.77887003946309,0.5853562750754111,0.65,2.0,0.002,4,1.7760973606585106,7.104389442634043,15.984876245926596,28.41755777053617,0.056279059858329,0.0300482605594985,1.7760973606584907,335.67947004971654,2.6954514038773913,0.329574429894085,0.670425570105915
2.9286481737697256,0.0383755736562108,0.0053529216473491,190196036152.1028,7668.48197689737,0.0278072134797897,1.2158890566458145,1.8701051516552205,0.65,2.0,0.002,4,1.4093918862734651,5.637567545093861,12.68452697646119,22.55027018037545,0.0292377934077355,0.0154438447587204,1.4093918862734494,180.8904525005044,2.3067066862880092,1.3268879790417523,0.32688797904175226
2.705553286504279,0.065085070984331,0.0144231988955625,216304983100.77933,7807.8947210937,0.0335010578384161,4.175043448285497,3.711781563685505,0.65,2.0,0.002,4,4.702674834417529,18.810699337670115,42.32407350975776,75.24279735068046,0.0028856594827857,0.0014695176643452,4.702674834417509,8656.705800742144,9.915235194504474,0.7892915615853462,0.2107084384146538
2.720563772437882,0.0392238322158384,0.0104113802977738,182210816380.0491,7742.947849400822,0.016916322979471,6.143802166683706,1.7627949817570772,0.65,2.0,0.002,4,3.09423755548098,12.37695022192392,27.848137999328824,49.50780088769568,0.0127695114792908,0.006649321828617,3.0942375554809787,1625.7756871788642,4.301239069076389,0.5697025358103323,0.43029746418966774
1.2202241466874713,0.0381633588079258,0.0089096768064497,214210466375.10837,7693.298141722721,0.0186820147613342,5.23600767752781,4.825311622546995,0.65,2.0,0.002,4,14.317791591416205,57.27116636566482,128.86012432274586,229.08466546265927,0.0004137469222962,0.0002245920563477,14.317791591416071,12916.431150125043,1.5959920491244348,0.33701507608477194,0.6629849239152281
1.5215191586839378,0.0566944602395983,0.0137339392508422,215446669192.303,7804.147376177351,0.0409895319553814,7.346870106648194,19.763534684474894,0.65,2.0,0.002,4,14.134377510050893,56.53751004020357,127.20939759045804,226.15004016081429,0.0003641695078992,0.0001359481785409,14.134377510050815,36460.42683914997,4.622837619304093,1.3982599990994469,0.39825999909944687
1.8131292656369755,0.0239930769362265,0.0062343563864019,218014256020.05017,7661.904787995511,0.0164228047291889,5.785519769520316,2.462307288945725,0.65,2.0,0.002,4,4.587091618793743,18.348366475174974,41.28382456914369,73.3934659006999,0.0134857553442521,0.0072622599325535,4.58709161879372,863.0732580198029,1.0389941319376552,0.5367905186060453,0.4632094813939547
1.5074544799662992,0.0362097097239876,0.0171647968223181,216912947033.1506,7814.455898401944,0.0058574294125953,3.618805337303017,10.88319017377056,0.65,2.0,0.002,4,18.0456642447667,72.1826569790668,162.41097820290034,288.7306279162672,0.0001624339787361,7.742061246110576e-05,18.0456642447667,47063.27531639191,3.660805590977746,0.6030916915084862,0.3969083084915138
2.601445942922262,0.0677696965423671,0.005500643383324,192091488618.836,7769.140385387887,0.0313511906049909,1.5803173872655207,1.4725555618605777,0.65,2.0,0.002,4,1.832654968492208,7.330619873968832,16.49389471642987,29.322479495875328,0.0193937216246272,0.0110785095948814,1.8326549684921971,499.49134107182164,3.7670970594979702,0.8035094369520693,0.19649056304793067
2.7711940411359173,0.0485928508048189,0.0161621483906515,199391140259.8536,7785.993030560186,0.0329866486287576,2.667708670677214,3.1373695554746472,0.65,2.0,0.002,4,4.829369045148592,19.31747618059437,43.464321406337326,77.26990472237748,0.0013558697928792,0.0006844214833387,4.829369045148564,7801.2275326902845,8.472711524107977,0.6496437787512538,0.3503562212487462
1.3182354941809455,0.0788146775165568,0.0083828518742462,196867542191.3437,7823.425626707162,0.0104128571820241,8.186518668043103,7.619993044353967,0.65,2.0,0.002,4,10.97295566772364,43.89182267089456,98.75660100951276,175.56729068357825,0.0011709378489172,0.0005567113141541,10.972955667723546,16194.43664091568,3.406895862413787,0.6944339588254997,0.30556604117450026
2.4791611745787536,0.0653643012411001,0.0179542583679276,181246570538.3771,7992.399224135913,0.0485067051414922,0.4519158884704625,4.818792147951615,0.65,2.0,0.002,4,6.307881340852313,25.23152536340925,56.77093206767082,100.926101453637,0.0001139570758103,5.952807065250163e-05,6.307881340852311,18263.617185475083,11.626795359330048,0.7639319586979592,0.23606804130204084
2.0218959049041585,0.0727043608440576,0.0086907539852337,211898666571.95676,7875.803089188917,0.0176570541396813,4.274688970647899,1.621186542968751,0.65,2.0,0.002,4,5.00018199759045,20.0007279903618,45.00163797831405,80.0029119614472,0.0014305096202409,0.000797252163304,5.0001819975904445,4965.613630193453,5.030852257356274,0.3242255069415454,0.6757744930584546
2.037102452325964,0.0752499977435054,0.0051272129678359,182245741627.05655,7766.817973034029,0.0354184658039778,4.813394541793797,4.927301174406608,0.65,2.0,0.002,4,2.713888489417756,10.855553957671024,24.424996404759806,43.422215830684095,0.0067458476940684,0.0028892587033438,2.7138884894177204,887.477979344225,3.0522060657862253,1.8155871892377522,0.8155871892377522
2.2077205375044686,0.0680553146243147,0.0063544166705609,218352675571.612,7956.754721000527,0.0483358475257796,8.102650239412883,2.2599980064377485,0.65,2.0,0.002,4,3.09690598350465,12.3876239340186,27.872153851541853,49.5504957360744,0.0211987303852753,0.0111594546934019,3.0969059835046195,1438.1480163021472,3.7982872662655507,0.7297599663907839,0.2702400336092161
1.3046153494611674,0.0483383504637107,0.0160337076140912,200055768343.19293,7919.939928957672,0.0396404794047711,2.115720409877217,9.424399117248091,0.65,2.0,0.002,4,21.469050678567324,85.8762027142693,193.2214561071059,343.5048108570772,3.418872375786392e-05,1.890387349321139e-05,21.469050678567232,72859.3983501164,4.004056173227872,0.43897605247429794,0.5610239475257021
